timestamp_ms,ax,ay,az
1108504404.0,-3.4585261,-9.236594,1.1482558
1108504424.0,-3.7244284,-9.205488,0.6765706
1108504444.0,-3.5757744,-9.097511,0.33409786
1108504463.0,-3.3101711,-9.162417,0.48993045
1108504483.0,-3.2192438,-9.523733,1.023829
1108504503.0,-3.1809585,-9.58834,0.91585284
1108504523.0,-3.1331022,-9.294023,0.45164528
1108504542.0,-3.2240293,-9.183952,0.40618163
1108504562.0,-3.2359936,-9.260523,0.80817586
1108504582.0,-3.188137,-9.274879,1.0405787
1108504602.0,-2.998805,-9.145667,0.8847462
1108504621.0,-2.8480573,-9.018549,0.71246296
1108504641.0,-2.8719854,-9.049655,0.72442704
1108504661.0,-2.9198418,-9.167203,0.8560323
1108504680.0,-3.013162,-9.155238,0.76749784
1108504700.0,-3.0155547,-9.071191,0.5138587
1108504720.0,-3.0299118,-8.973084,0.18095721
1108504740.0,-3.2240293,-8.886943,-0.0056829536
1108504759.0,-3.4130623,-8.815159,-0.022432713
1108504779.0,-3.4872398,-8.927621,0.0014955142
1108504799.0,-3.5853457,-9.004191,-0.15882361
1108504819.0,-3.6236308,-9.004191,-0.3385844
1108504838.0,-3.8057845,-8.913264,-0.34337005
1108504858.0,-4.0594234,-8.755338,0.05174479
1108504878.0,-4.267898,-8.7266245,0.6023931
1108504898.0,-4.1407795,-8.898908,0.5377869
1108504917.0,-3.839284,-8.992228,0.16181463
1108504937.0,-3.3197422,-9.123833,-0.015254244
1108504957.0,-3.03709,-9.1719885,-0.15164514
1108504977.0,-3.0825539,-9.14806,-0.2835495
1108504996.0,-3.37717,-9.109476,-0.27876383
1108505016.0,-3.6547375,-9.016156,-0.276371
1108505036.0,-3.769892,-8.9826565,-0.32422748
1108505055.0,-3.81057,-9.025727,-0.35294133
1108505075.0,-3.6837504,-9.114262,-0.19232312
1108505095.0,-3.417848,-9.126225,0.07328019
1108505115.0,-3.2383864,-9.140882,0.09960124
1108505134.0,-3.1713872,-9.128618,0.12592229
1108505154.0,-3.1809585,-9.179167,0.14745769
1108505174.0,-3.1618161,-9.236594,0.14985052
1108505194.0,-3.1016963,-9.205488,0.25034907
1108505213.0,-3.0873394,-9.186345,0.40618163
1108505233.0,-3.1689944,-9.2437725,0.48993045
1108505253.0,-3.2001011,-9.238987,0.44925246
1108505273.0,-3.2072797,-9.140882,0.27667013
1108505292.0,-3.188137,-9.066405,0.0637089
1108505312.0,-3.1785657,-9.102298,-0.063110694
1108505332.0,-3.0993035,-9.217452,0.011066805
1108505352.0,-2.9748766,-9.234201,0.10438689
1108505371.0,-2.891128,-9.215059,0.15702899
1108505391.0,-2.9365916,-9.167203,0.360718
1108505411.0,-2.9940193,-9.215059,0.51864433
1108505430.0,-3.0490541,-9.289237,0.3293122
1108505450.0,-3.0514472,-9.270094,0.21684955
1108505470.0,-3.03709,-9.131011,0.2623132
1108505490.0,-3.0921252,-9.078369,0.18095721
1108505509.0,-3.1689944,-9.183952,0.25034907
1108505529.0,-3.2336006,-9.227023,0.2862414
1108505549.0,-3.2072797,-9.078369,0.25752753
1108505569.0,-3.2001011,-9.0233345,0.11395818
1108505588.0,-3.2623146,-9.140882,0.06131608
1108505608.0,-3.2647073,-9.169596,0.116351
1108505628.0,-3.1737802,-9.18156,0.18095721
1108505648.0,-3.135495,-9.238987,0.28863424
1108505667.0,-3.2120652,-9.176774,0.27667013
1108505687.0,-3.2910285,-9.052048,0.2216352
1108505707.0,-3.4393835,-8.99462,0.20249261
1108505727.0,-3.539882,-9.035298,0.25034907
1108505746.0,-3.5374892,-9.030513,0.1689931
1108505766.0,-3.5350964,-8.997013,0.037387855
1108505786.0,-3.5063825,-9.030513,0.10677971
1108505806.0,-3.3628132,-9.126225,0.21206391
1108505825.0,-3.2144582,-9.143274,0.075673014
1108505845.0,-3.1112676,-9.109476,0.044566322
1108505865.0,-2.9892337,-9.140882,0.1689931
1108505884.0,-2.9222345,-9.246166,0.12113664
1108505904.0,-2.9006991,-9.265308,0.10677971
1108505924.0,-2.946163,-9.246166,0.26949164
1108505944.0,-2.998805,-9.198309,0.36550367
1108505963.0,-3.0801609,-9.200702,0.43728834
1108505983.0,-3.1450663,-9.24138,0.37986058
1108506003.0,-3.2096725,-9.186345,0.18095721
1108506023.0,-3.2982068,-9.107083,0.092422776
1108506042.0,-3.3867414,-9.073584,0.082851484
1108506062.0,-3.4704902,-9.085547,0.1594218
1108506082.0,-3.5446677,-9.0544405,0.2623132
1108506102.0,-3.5877385,-9.032906,-0.17078772
1108506121.0,-3.7196429,-9.013762,0.06849455
1108506141.0,-3.8033917,-9.0233345,0.18335004
1108506161.0,-3.9302113,-8.937193,0.2527419
1108506181.0,-3.7411783,-8.903693,0.14267205
1108506200.0,-3.432205,-9.044869,0.01585245
1108506220.0,-3.3819556,-9.480662,0.049351968
1108506240.0,-3.2144582,-9.114262,0.19770697
1108506259.0,-3.135495,-9.020942,0.10199407
1108506279.0,-3.0897322,-9.001799,-0.055932228
1108506299.0,-3.1570303,-8.956335,0.054137614
1108506319.0,-3.1259236,-9.585947,0.23599213
1108506338.0,-3.7220356,-9.451948,0.37268212
1108506358.0,-2.809772,-8.338688,0.24077778
1108506378.0,-3.1546376,-9.231809,-0.13489537
1108506398.0,-3.2718859,-9.542876,-0.22612174
1108506417.0,-3.2527432,-9.183952,0.34366915
1108506437.0,-3.1689944,-9.006584,0.17856438
1108506457.0,-3.460919,-9.22463,0.092422776
1108506477.0,-3.8153558,-9.236594,0.17617157
1108506496.0,-3.5350964,-8.999406,0.092422776
1108506516.0,-3.039483,-8.436793,0.07806584
1108506536.0,-2.9246275,-8.788837,-0.18275183
1108506556.0,-3.2766714,-9.238987,-0.32422748
1108506575.0,-3.5494533,-9.327521,0.01585245
1108506595.0,-3.7124643,-9.24138,0.40857446
1108506615.0,-3.661916,-9.102298,0.52342993
1108506634.0,-3.3053854,-8.932407,0.21924238
1108506654.0,-2.9270203,-9.040084,0.023030918
1108506674.0,-2.9365916,-9.423235,0.030209387
1108506694.0,-3.0514472,-9.564411,0.05174479
1108506713.0,-3.159423,-9.183952,-0.0846461
1108506733.0,-3.350849,-8.815159,-0.21655045
1108506753.0,-3.6523447,-8.705089,-0.02961118
1108506773.0,-3.8871403,-8.836694,0.23120649
1108506792.0,-3.932604,-8.977871,0.21684955
1108506812.0,-3.5997026,-9.099904,0.0038883367
1108506832.0,-3.2072797,-9.207881,0.05174479
1108506852.0,-2.905485,-9.200702,0.16660027
1108506871.0,-2.8313074,-9.099904,0.2000998
1108506891.0,-2.9365916,-9.160025,0.14745769
1108506911.0,-3.1522448,-9.301201,0.12352947
1108506931.0,-3.2527432,-9.298808,0.075673014
1108506950.0,-3.353242,-9.205488,0.018245272
1108506970.0,-3.4130623,-9.073584,0.025423741
1108506990.0,-3.4369907,-9.06162,0.07328019
1108507010.0,-3.415455,-9.12144,0.13310076
1108507029.0,-3.3484561,-9.162417,0.21684955
1108507049.0,-3.3173494,-9.133404,0.15463616
1108507069.0,-3.2623146,-9.08794,0.027816564
1108507088.0,-3.2671003,-9.08794,-0.032004002
1108507108.0,-3.3005998,-9.160025,-0.070289165
1108507128.0,-3.255136,-9.203095,0.0062811594
1108507148.0,-3.2264223,-9.195916,0.082851484
1108507167.0,-3.2982068,-9.092726,0.025423741
1108507187.0,-3.3819556,-9.037691,0.018245272
1108507207.0,-3.3460634,-9.059227,0.0637089
1108507227.0,-3.2192438,-9.155238,0.07806584
1108507246.0,-3.1618161,-9.22463,0.027816564
1108507266.0,-3.1737802,-9.22463,0.085244305
1108507286.0,-3.2336006,-9.169596,0.09720842
1108507306.0,-3.3173494,-9.0951185,0.011066805
1108507325.0,-3.350849,-9.030513,0.0062811594
1108507345.0,-3.3221352,-9.14806,0.056530435
1108507365.0,-3.2742786,-9.157631,0.05174479
1108507385.0,-3.2647073,-9.157631,0.023030918
1108507404.0,-3.3221352,-9.138489,0.023030918
1108507424.0,-3.336492,-9.083155,0.056530435
1108507444.0,-3.3101711,-9.107083,0.042173497
1108507463.0,-3.2407792,-9.145667,0.14267205
1108507483.0,-3.2312078,-9.143274,0.1905285
1108507503.0,-3.243172,-9.126225,0.05174479
1108507523.0,-3.2336006,-9.123833,-0.032004002
1108507542.0,-3.2503505,-9.16481,0.03499503
1108507562.0,-3.2862427,-9.167203,0.1594218
1108507582.0,-3.2503505,-9.14806,0.17617157
1108507602.0,-3.255136,-9.152845,0.085244305
1108507621.0,-3.2886357,-9.145667,0.075673014
1108507641.0,-3.2527432,-9.12144,0.049351968
1108507661.0,-3.2096725,-9.136096,-0.04636094
1108507681.0,-3.188137,-9.143274,-0.00089730846
1108507700.0,-3.1929228,-9.155238,0.13549358
1108507720.0,-3.2192438,-9.186345,0.19770697
1108507740.0,-3.1857443,-9.138489,0.24556342
1108507760.0,-3.1929228,-9.114262,0.08045866
1108507779.0,-3.1737802,-9.160025,-0.055932228
1108507799.0,-3.135495,-9.22463,0.037387855
1108507819.0,-3.106482,-9.186345,0.1594218
1108507838.0,-3.2359936,-9.174381,0.21445672
1108507858.0,-3.295814,-9.073584,0.09720842
1108507878.0,-3.350849,-9.044869,0.056530435
1108507898.0,-3.3173494,-9.150453,0.027816564
1108507917.0,-3.2240293,-9.195916,0.0134596275
1108507937.0,-3.188137,-9.183952,-0.0056829536
1108507957.0,-3.2216365,-9.116654,0.0134596275
1108507977.0,-3.2527432,-9.092726,0.13310076
1108507996.0,-3.2479577,-9.150453,0.1594218
1108508016.0,-3.1929228,-9.236594,0.12831512
1108508036.0,-3.159423,-9.207881,0.12113664
1108508056.0,-3.202494,-9.138489,0.06610172
1108508075.0,-3.228815,-9.099904,0.046959143
1108508095.0,-3.1977084,-9.14806,0.06610172
1108508115.0,-3.176173,-9.119047,0.06610172
1108508135.0,-3.2072797,-9.133404,0.10438689
1108508154.0,-3.2814572,-9.152845,0.07806584
1108508174.0,-3.336492,-9.157631,0.11156536
1108508194.0,-3.3340993,-9.136096,0.05174479
1108508213.0,-3.3293135,-9.06162,-0.032004002
1108508233.0,-3.3388848,-9.037691,-0.060717873
1108508253.0,-3.336492,-9.133404,0.0637089
1108508273.0,-3.2527432,-9.200702,0.2216352
1108508292.0,-3.1666017,-9.198309,0.15702899
1108508312.0,-3.1450663,-9.152845,0.054137614
1108508332.0,-3.2144582,-9.138489,-0.0080757765
1108508352.0,-3.257529,-9.133404,0.023030918
1108508371.0,-3.2264223,-9.128618,0.10917253
1108508391.0,-3.2120652,-9.1719885,0.14027923
1108508411.0,-3.2144582,-9.179167,0.11395818
1108508431.0,-3.2623146,-9.143274,0.05174479
1108508450.0,-3.2862427,-9.099904,-0.012861421
1108508470.0,-3.2934213,-9.102298,0.0134596275
1108508490.0,-3.2527432,-9.116654,0.10677971
1108508510.0,-3.1953156,-9.179167,0.11395818
1108508529.0,-3.1713872,-9.2126665,0.16660027
1108508549.0,-3.1857443,-9.143274,0.05892326
1108508569.0,-3.2527432,-9.128618,-0.053539407
1108508588.0,-3.2766714,-9.128618,0.030209387
1108508608.0,-3.2264223,-9.162417,0.1378864
1108508628.0,-3.164209,-9.16481,0.12113664
1108508648.0,-3.1666017,-9.169596,0.0637089
1108508667.0,-3.2479577,-9.14806,-0.024825536
1108508687.0,-3.2503505,-9.102298,-0.053539407
1108508707.0,-3.2001011,-9.133404,0.030209387
1108508727.0,-3.1426735,-9.16481,0.06849455
1108508746.0,-3.1666017,-9.18156,0.0948156
1108508766.0,-3.228815,-9.195916,0.10438689
1108508786.0,-3.2814572,-9.188738,0.0948156
1108508806.0,-3.3005998,-9.136096,0.01585245
1108508825.0,-3.3269207,-9.126225,-0.032004002
1108508845.0,-3.3101711,-9.191131,-0.015254244
1108508865.0,-3.2072797,-9.114262,0.042173497
1108508885.0,-3.159423,-8.975478,0.07088737
1108508904.0,-3.2192438,-9.025727,0.17617157
1108508924.0,-3.2886357,-9.320343,0.21924238
1108508944.0,-3.269493,-9.372986,0.12113664
1108508964.0,-3.1378877,-8.9013,0.18335004
1108508983.0,-3.3029926,-8.8701935,0.25752753
1108509003.0,-3.3029926,-9.217452,-0.17796618
1108509023.0,-3.0634112,-9.305986,-0.28115666
1108509042.0,-3.1331022,-9.215059,0.20967108
1108509062.0,-3.3077781,-9.155238,0.18813568
1108509082.0,-3.257529,-9.140882,-0.12771691
1108509102.0,-3.0681968,-9.104691,-0.12532409
1108509121.0,-2.996412,-9.200702,-0.08703893
1108509141.0,-3.0323045,-9.25813,-0.06550352
1108509161.0,-3.1235309,-9.167203,0.020638095
1108509181.0,-3.2240293,-9.107083,0.09960124
1108509200.0,-3.2407792,-9.123833,-0.022432713
1108509220.0,-3.1689944,-9.200702,-0.20189442
1108509240.0,-3.1283164,-9.198309,-0.24765715
1108509260.0,-3.2001011,-9.1719885,-0.16121642
1108509279.0,-3.312564,-9.097511,-0.027218357
1108509299.0,-3.3580275,-9.068798,0.06849455
1108509319.0,-3.4489548,-9.126225,0.14506488
1108509339.0,-3.4082768,-9.145667,0.13310076
1108509358.0,-3.3628132,-9.14806,0.2000998
1108509378.0,-3.2264223,-9.131011,0.18574286
1108509398.0,-3.118446,-9.162417,0.044566322
1108509418.0,-3.0897322,-9.174381,0.075673014
1108509437.0,-3.1160533,-9.169596,0.2216352
1108509457.0,-3.1857443,-9.160025,0.23120649
1108509477.0,-3.2647073,-9.155238,0.16420746
1108509497.0,-3.2623146,-9.08794,0.1689931
1108509516.0,-3.2623146,-9.183952,0.10199407
1108509536.0,-3.2312078,-9.2126665,0.1594218
1108509556.0,-3.1713872,-9.119047,0.17377874
1108509575.0,-3.0275187,-9.128618,0.23120649
1108509595.0,-3.0275187,-9.334701,0.360718
1108509615.0,-3.1235309,-9.35145,0.20249261
1108509635.0,-3.176173,-9.12144,-0.0080757765
1108509654.0,-3.2814572,-8.872586,-0.063110694
1108509674.0,-3.3197422,-8.997013,-0.063110694
1108509694.0,-3.2527432,-9.179167,0.05892326
1108509714.0,-3.2144582,-9.2437725,0.20488544
1108509733.0,-3.3580275,-9.160025,0.027816564
1108509753.0,-3.4896326,-9.016156,-0.25004998
1108509773.0,-3.4872398,-9.013762,-0.34576288
1108509793.0,-3.4369907,-9.052048,-0.13010973
1108509812.0,-3.312564,-9.116654,0.07328019
1108509832.0,-3.1666017,-9.167203,0.09960124
1108509852.0,-3.013162,-9.200702,0.17138593
1108509872.0,-3.0418758,-9.219845,0.22642085
1108509891.0,-3.0849466,-9.210274,0.15463616
1108509911.0,-3.202494,-9.198309,0.092422776
1108509931.0,-3.1809585,-9.200702,0.018245272
1108509951.0,-3.1713872,-9.193523,0.29341987
1108509970.0,-3.2216365,-9.227023,0.5593223
1108509990.0,-3.228815,-9.210274,0.2000998
1108510010.0,-3.1450663,-9.198309,-0.15643078
1108510029.0,-3.0873394,-9.234201,-0.067896344
1108510049.0,-3.0921252,-9.22463,0.020638095
1108510069.0,-3.216851,-9.092726,-0.08225328
1108510089.0,-3.3747773,-9.032906,-0.17557336
1108510108.0,-3.5446677,-9.032906,-0.12532409
1108510128.0,-3.5781672,-9.06162,0.06131608
1108510148.0,-3.5303106,-9.205488,0.2216352
1108510168.0,-3.3987055,-9.267701,0.24795625
1108510187.0,-3.3101711,-9.325129,-0.00089730846
1108510207.0,-3.3269207,-9.24138,-0.027218357
1108510227.0,-3.1040893,-9.090333,0.06131608
1108510247.0,-2.728416,-8.961121,0.0014955142
1108510266.0,-2.5438695,-8.8701935,-0.35294133
1108510286.0,-2.5007987,-9.044869,-0.15643078
1108510306.0,-2.5776682,-9.143274,0.17138593
1108510326.0,-2.7188447,-9.14806,0.14027923
1108510345.0,-2.9102705,-9.183952,-0.08225328
1108510365.0,-3.0418758,-9.408877,-0.08943175
1108510385.0,-3.269493,-9.502198,-0.022432713
1108510405.0,-3.2001011,-9.375379,0.11156536
1108510424.0,-3.3029926,-9.160025,0.20967108
1108510444.0,-3.3628132,-9.203095,0.0014955142
1108510464.0,-3.5470605,-9.064013,-0.2883351
1108510483.0,-3.5422747,-8.867801,-0.4749753
1108510503.0,-3.5733814,-8.930014,-0.34576288
1108510523.0,-3.6813576,-9.078369,-0.08943175
1108510543.0,-3.5183465,-9.131011,0.2862414
1108510562.0,-3.2096725,-9.234201,0.43728834
1108510582.0,-3.03709,-9.449555,0.2862414
1108510602.0,-2.8432715,-9.463913,0.16660027
1108510622.0,-2.8265216,-9.284451,-0.012861421
1108510641.0,-2.986841,-9.111869,-0.13250256
1108510661.0,-3.0753753,-9.032906,-0.04875376
1108510681.0,-3.0801609,-9.0544405,-0.10378868
1108510701.0,-3.1929228,-9.167203,-0.12771691
1108510720.0,-3.2216365,-9.22463,-0.04636094
1108510740.0,-3.28385,-9.238987,-0.0080757765
1108510760.0,-3.3412778,-9.18156,0.05892326
1108510780.0,-3.4489548,-9.200702,0.16420746
1108510799.0,-3.391527,-9.145667,0.10438689
1108510819.0,-3.2527432,-9.068798,-0.10378868
1108510839.0,-3.1331022,-9.099904,-0.04636094
1108510858.0,-3.0753753,-9.157631,0.15702899
1108510878.0,-3.0346973,-9.234201,-0.058325052
1108510898.0,-3.0969107,-9.325129,-0.21894327
1108510918.0,-3.1088748,-9.337093,0.0134596275
1108510937.0,-3.0969107,-9.1719885,0.15702899
1108510957.0,-2.7595227,-9.059227,-0.012861421
1108510977.0,-2.5438695,-8.980264,-0.36729828
1108510997.0,-2.6398816,-9.191131,-0.24526432
1108511016.0,-2.8839495,-9.286844,0.31016964
1108511036.0,-2.9485557,-9.1719885,0.21684955
1108511056.0,-3.0155547,-9.066405,-0.041575294
1108511076.0,-3.0083764,-9.040084,-0.34097722
1108511095.0,-3.0729825,-9.207881,-0.44147578
1108511115.0,-3.2742786,-9.274879,-0.19471595
1108511135.0,-3.5470605,-9.267701,0.22402802
1108511155.0,-3.5614173,-9.198309,0.26949164
1108511174.0,-3.4920256,-9.12144,-0.08703893
1108511194.0,-3.28385,-9.157631,-0.29790643
1108511214.0,-3.2144582,-9.203095,-0.30269206
1108511234.0,-3.2144582,-9.174381,-0.032004002
1108511253.0,-3.1785657,-9.2126665,0.25034907
1108511273.0,-3.0299118,-9.308379,0.22881366
1108511293.0,-3.0873394,-9.274879,0.07328019
1108511312.0,-3.3340993,-9.143274,-0.00089730846
1108511332.0,-3.3795629,-9.052048,0.01585245
1108511352.0,-3.1737802,-8.985049,0.0134596275
1108511372.0,-3.0083764,-9.176774,0.008673982
1108511391.0,-3.0490541,-9.325129,0.13310076
1108511411.0,-2.9676983,-9.296415,0.08763713
1108511431.0,-2.8432715,-9.22463,-0.17557336
1108511451.0,-2.7882366,-9.195916,-0.063110694
1108511470.0,-2.917449,-9.203095,0.06849455
1108511490.0,-2.9341989,-9.250952,-0.070289165
1108511510.0,-2.9892337,-9.303594,0.2431706
1108511530.0,-3.1809585,-9.210274,0.3149553
1108511549.0,-3.3221352,-9.114262,-0.051146585
1108511569.0,-3.3484561,-9.008977,-0.180359
1108511589.0,-3.3723843,-9.066405,-0.051146585
1108511608.0,-3.1953156,-9.160025,0.14027923
1108511628.0,-2.917449,-9.250952,0.12352947
1108511648.0,-2.8671997,-9.267701,-0.072681986
1108511668.0,-3.0107691,-9.195916,-0.15643078
1108511687.0,-3.1546376,-9.167203,0.008673982
1108511707.0,-3.164209,-9.150453,0.09720842
1108511727.0,-2.9629126,-9.160025,0.03260221
1108511747.0,-2.888735,-9.183952,0.11156536
1108511766.0,-3.0562327,-9.260523,0.2551347
1108511786.0,-3.2407792,-9.222238,0.28384858
1108511806.0,-3.3412778,-9.203095,0.18813568
1108511826.0,-3.3317065,-9.128618,0.11395818
1108511845.0,-3.2383864,-9.14806,0.07806584
1108511865.0,-3.106482,-9.195916,0.030209387
1108511885.0,-3.0681968,-9.14806,-0.055932228
1108511905.0,-3.159423,-9.203095,-0.055932228
1108511924.0,-3.216851,-9.205488,0.044566322
1108511944.0,-3.1689944,-9.143274,0.10677971
1108511964.0,-3.1136606,-9.152845,-0.017647067
1108511983.0,-3.0490541,-9.250952,0.018245272
1108512003.0,-3.025126,-9.203095,0.10677971
1108512023.0,-2.9940193,-9.203095,-0.0080757765
1108512043.0,-2.9485557,-9.25813,0.037387855
1108512062.0,-2.8600214,-9.255737,0.018245272
1108512082.0,-2.8121648,-9.272487,0.01585245
1108512102.0,-2.9150562,-9.25813,0.17138593
1108512122.0,-3.1136606,-9.143274,0.26949164
1108512141.0,-3.2527432,-9.004191,0.23599213
1108512161.0,-3.37717,-9.083155,0.11874382
1108512181.0,-3.3388848,-9.160025,-0.02003989
1108512201.0,-3.1426735,-9.191131,-0.063110694
1108512220.0,-2.929413,-9.2126665,-0.063110694
1108512240.0,-2.8265216,-9.267701,-0.043968115
1108512260.0,-2.8408787,-9.305986,-0.053539407
1108512280.0,-2.9246275,-9.325129,0.0062811594
1108512299.0,-2.9605198,-9.238987,0.039780676
1108512319.0,-3.0681968,-9.150453,0.023030918
1108512339.0,-3.1953156,-9.102298,0.06131608
1108512359.0,-3.2647073,-9.12144,-0.015254244
1108512378.0,-3.2623146,-9.14806,-0.010468599
1108512398.0,-3.255136,-9.138489,0.14745769
1108512418.0,-3.176173,-9.143274,0.2551347
1108512437.0,-3.0562327,-9.229416,0.06610172
1108512457.0,-2.9509485,-9.270094,0.025423741
1108512477.0,-2.9222345,-9.25813,0.16420746
1108512497.0,-2.929413,-9.215059,0.06610172
1108512516.0,-3.0179477,-9.25813,0.01585245
1108512536.0,-3.065804,-9.227023,0.13549358
1108512556.0,-3.1040893,-9.160025,0.10677971
1108512576.0,-3.1689944,-9.169596,0.08045866
1108512595.0,-3.1905298,-9.123833,0.0062811594
1108512615.0,-3.1666017,-9.004191,-0.02961118
1108512635.0,-3.2862427,-9.104691,0.044566322
1108512655.0,-3.2120652,-9.25813,0.039780676
1108512674.0,-3.3269207,-9.475877,0.085244305
1108512694.0,-3.1857443,-9.157631,0.19531415
1108512714.0,-3.0059834,-9.099904,-0.077467635
1108512734.0,-3.0346973,-9.346664,-0.1683949
1108512753.0,-2.85045,-8.961121,-0.08943175
1108512773.0,-3.2455647,-9.174381,0.26949164
1108512793.0,-3.2527432,-9.267701,0.3077768
1108512812.0,-2.9629126,-9.131011,0.092422776
1108512832.0,-2.8049862,-9.133404,-0.077467635
1108512852.0,-2.8073792,-9.35145,-0.11096715
1108512872.0,-2.7930222,-9.437592,-0.032004002
1108512891.0,-2.8169506,-9.207881,0.2000998
1108512911.0,-3.1378877,-9.205488,0.39182472
1108512931.0,-3.3723843,-9.2126665,0.401396
1108512951.0,-3.3101711,-9.200702,0.360718
1108512970.0,-3.0801609,-9.183952,-0.02003989
1108512990.0,-2.9102705,-9.150453,-0.30987054
1108513010.0,-2.8432715,-9.188738,-0.15643078
1108513030.0,-2.9270203,-9.193523,-0.012861421
1108513049.0,-3.0466614,-9.205488,0.044566322
1108513069.0,-2.9748766,-9.25813,0.07088737
1108513089.0,-2.8815567,-9.24138,0.054137614
1108513109.0,-2.8671997,-9.234201,-0.15403795
1108513128.0,-2.9365916,-9.2437725,-0.09900304
1108513148.0,-3.0203404,-9.207881,0.18335004
1108513168.0,-3.0418758,-9.157631,0.20249261
1108513187.0,-3.0203404,-9.150453,0.11156536
1108513207.0,-2.9796624,-9.267701,0.042173497
1108513227.0,-2.9198418,-9.305986,0.0014955142
1108513247.0,-2.9270203,-9.250952,-0.041575294
1108513266.0,-3.0107691,-9.191131,-0.058325052
1108513286.0,-3.0586255,-9.200702,0.01585245
1108513306.0,-2.9940193,-9.219845,0.11874382
1108513326.0,-2.9270203,-9.200702,0.11395818
1108513345.0,-2.9557343,-9.200702,0.0014955142
1108513365.0,-3.0179477,-9.215059,0.011066805
1108513385.0,-3.094518,-9.236594,0.08045866
1108513405.0,-3.1088748,-9.227023,0.07328019
1108513424.0,-3.0275187,-9.162417,-0.027218357
1108513444.0,-3.0275187,-9.188738,-0.077467635
1108513464.0,-3.188137,-9.1719885,0.0038883367
1108513484.0,-3.3604202,-9.123833,0.044566322
1108513503.0,-3.3891342,-9.066405,0.05892326
1108513523.0,-3.3699915,-9.02812,0.030209387
1108513543.0,-3.2407792,-9.109476,-0.070289165
1108513563.0,-3.0418758,-9.265308,-0.15643078
1108513582.0,-2.8671997,-9.260523,-0.20937198
1108513602.0,-2.9533412,-9.238987,-0.20937198
1108513622.0,-3.1618161,-9.205488,0.008673982
1108513641.0,-3.3173494,-9.143274,0.26470602
1108513661.0,-3.3317065,-9.152845,0.17377874
1108513681.0,-3.2001011,-9.14806,-0.017647067
1108513701.0,-3.0825539,-9.114262,-0.26679972
1108513720.0,-3.118446,-9.176774,-0.23808585
1108513740.0,-3.2001011,-9.210274,-0.072681986
1108513760.0,-3.2072797,-9.193523,0.03260221
1108513780.0,-3.2144582,-9.160025,0.008673982
1108513799.0,-3.2455647,-9.131011,-0.07507481
1108513819.0,-3.2120652,-9.150453,-0.0846461
1108513839.0,-3.147459,-9.183952,-0.13489537
1108513859.0,-3.0969107,-9.2126665,-0.060717873
1108513878.0,-3.1112676,-9.193523,0.07806584
1108513898.0,-3.1737802,-9.183952,0.07328019
1108513918.0,-3.164209,-9.167203,-0.06550352
1108513938.0,-3.1450663,-9.179167,-0.09661021
1108513957.0,-3.118446,-9.152845,-0.06550352
1108513977.0,-3.1498518,-9.1719885,-0.027218357
1108513997.0,-3.1785657,-9.193523,0.085244305
1108514016.0,-3.1235309,-9.210274,0.020638095
1108514036.0,-3.0729825,-9.207881,-0.16121642
1108514056.0,-3.1235309,-9.155238,-0.23330021
1108514076.0,-3.2240293,-9.099904,-0.13489537
1108514095.0,-3.2264223,-9.191131,0.10677971
1108514115.0,-3.147459,-9.195916,0.17377874
1108514135.0,-3.0562327,-9.179167,-0.015254244
1108514155.0,-3.0825539,-9.193523,-0.1372882
1108514174.0,-3.1307094,-9.162417,-0.17078772
1108514194.0,-3.159423,-9.248559,-0.015254244
1108514214.0,-3.0969107,-9.191131,0.14506488
1108514234.0,-3.0993035,-9.080762,-0.00089730846
1108514253.0,-3.1833515,-9.111869,-0.09182457
1108514273.0,-3.188137,-9.191131,-0.1061815
1108514293.0,-3.1689944,-9.231809,-0.032004002
1108514313.0,-3.1331022,-9.219845,0.082851484
1108514332.0,-3.1259236,-9.169596,0.025423741
1108514352.0,-3.1235309,-9.162417,-0.04875376
1108514372.0,-3.188137,-9.183952,0.0038883367
1108514391.0,-3.1929228,-9.169596,0.090029955
1108514411.0,-3.1235309,-9.174381,0.14027923
1108514431.0,-3.1259236,-9.186345,-0.024825536
1108514451.0,-3.147459,-9.167203,-0.09182457
1108514470.0,-3.1450663,-9.174381,-0.0056829536
1108514490.0,-3.1307094,-9.145667,0.0948156
1108514510.0,-3.0490541,-9.210274,0.12831512
1108514530.0,-3.0610185,-9.238987,0.07088737
1108514549.0,-3.1160533,-9.205488,-0.0032901312
1108514569.0,-3.1259236,-9.145667,-0.0032901312
1108514589.0,-3.1546376,-9.126225,-0.0080757765
1108514609.0,-3.159423,-9.14806,0.0038883367
1108514628.0,-3.1040893,-9.191131,0.042173497
1108514648.0,-3.0849466,-9.207881,0.05174479
1108514668.0,-3.118446,-9.195916,0.046959143
1108514688.0,-3.1618161,-9.198309,0.008673982
1108514707.0,-3.1378877,-9.128618,-0.041575294
1108514727.0,-3.1160533,-9.160025,0.0062811594
1108514747.0,-3.118446,-9.188738,-0.00089730846
1108514766.0,-3.135495,-9.179167,0.039780676
1108514786.0,-3.1450663,-9.18156,0.046959143
1108514806.0,-3.1016963,-9.2126665,0.09720842
1108514826.0,-3.0681968,-9.162417,0.075673014
1108514845.0,-3.1088748,-9.150453,-0.070289165
1108514865.0,-3.135495,-9.176774,-0.032004002
1108514885.0,-3.1283164,-9.200702,0.06610172
1108514905.0,-3.1160533,-9.222238,0.027816564
1108514924.0,-3.1713872,-9.183952,-0.024825536
1108514944.0,-3.2096725,-9.116654,0.008673982
1108514964.0,-3.204887,-9.136096,0.01585245
1108514984.0,-3.176173,-9.150453,-0.03918247
1108515003.0,-3.1570303,-9.174381,-0.07986046
1108515023.0,-3.1450663,-9.18156,-0.02003989
1108515043.0,-3.1283164,-9.188738,-0.017647067
1108515063.0,-3.1402807,-9.193523,-0.015254244
1108515082.0,-3.1426735,-9.179167,0.046959143
1108515102.0,-3.118446,-9.203095,0.03260221
1108515122.0,-3.0729825,-9.246166,-0.034396827
1108515141.0,-3.0514472,-9.217452,-0.067896344
1108515161.0,-3.0849466,-9.162417,-0.09182457
1108515181.0,-3.188137,-9.160025,-0.072681986
1108515201.0,-3.2623146,-9.140882,0.11156536
1108515220.0,-3.2934213,-9.12144,0.21684955
1108515240.0,-3.2718859,-9.136096,0.06131608
1108515260.0,-3.1809585,-9.155238,-0.1468595
1108515280.0,-3.118446,-9.157631,-0.17557336
1108515299.0,-3.1016963,-9.18156,-0.09900304
1108515319.0,-3.1570303,-9.200702,-0.063110694
1108515339.0,-3.2240293,-9.123833,-0.017647067
1108515359.0,-3.2383864,-9.128618,-0.07986046
1108515378.0,-3.164209,-9.14806,-0.12053844
1108515398.0,-3.1402807,-9.138489,-0.051146585
1108515418.0,-3.1713872,-9.160025,-0.1372882
1108515437.0,-3.1570303,-9.229416,-0.09900304
1108515457.0,-3.1088748,-9.217452,-0.041575294
1108515477.0,-3.1259236,-9.215059,-0.15164514
1108515497.0,-3.1905298,-9.126225,-0.17318054
1108515516.0,-3.2264223,-9.099904,-0.115752794
1108515536.0,-3.2359936,-9.140882,-0.09182457
1108515556.0,-3.176173,-9.188738,-0.08943175
1108515576.0,-3.159423,-9.188738,-0.1683949
1108515595.0,-3.1498518,-9.1719885,-0.16360925
1108515615.0,-3.1498518,-9.16481,-0.0846461
1108515635.0,-3.147459,-9.186345,-0.04875376
1108515655.0,-3.1040893,-9.183952,-0.06550352
1108515674.0,-3.1402807,-9.18156,-0.09182457
1108515694.0,-3.1929228,-9.157631,-0.08703893
1108515714.0,-3.1331022,-9.160025,-0.12771691
1108515734.0,-3.0562327,-9.2126665,-0.1468595
1108515753.0,-3.039483,-9.24138,-0.09421739
1108515773.0,-3.0729825,-9.179167,-0.041575294
1108515793.0,-3.1331022,-9.152845,-0.03678965
1108515812.0,-3.1522448,-9.169596,-0.067896344
1108515832.0,-3.121138,-9.179167,-0.034396827
1108515852.0,-3.0849466,-9.210274,-0.07507481
1108515872.0,-3.05384,-9.229416,-0.14446667
1108515891.0,-3.1570303,-9.193523,-0.1683949
1108515911.0,-3.2192438,-9.131011,-0.09182457
1108515931.0,-3.1426735,-9.160025,0.039780676
1108515951.0,-3.0562327,-9.186345,0.075673014
1108515970.0,-3.0562327,-9.188738,-0.077467635
1108515990.0,-3.1136606,-9.193523,-0.11096715
1108516010.0,-3.1160533,-9.227023,-0.09421739
1108516030.0,-3.1160533,-9.191131,-0.17078772
1108516049.0,-3.121138,-9.152845,-0.072681986
1108516069.0,-3.135495,-9.169596,0.01585245
1108516089.0,-3.164209,-9.200702,-0.02003989
1108516109.0,-3.1666017,-9.157631,-0.09900304
1108516128.0,-3.1570303,-9.138489,-0.14446667
1108516148.0,-3.1450663,-9.14806,-0.12771691
1108516168.0,-3.1016963,-9.193523,-0.09182457
1108516187.0,-3.0873394,-9.2126665,-0.053539407
1108516207.0,-3.1088748,-9.198309,-0.012861421
1108516227.0,-3.1378877,-9.179167,-0.051146585
1108516247.0,-3.1570303,-9.174381,-0.10378868
1108516266.0,-3.1040893,-9.193523,-0.08943175
1108516286.0,-3.0993035,-9.195916,-0.00089730846
1108516306.0,-3.1040893,-9.198309,-0.0032901312
1108516326.0,-3.118446,-9.193523,-0.06550352
1108516345.0,-3.1283164,-9.186345,-0.10857433
1108516365.0,-3.1666017,-9.167203,-0.14446667
1108516385.0,-3.1689944,-9.131011,-0.070289165
1108516405.0,-3.1160533,-9.160025,0.011066805
1108516424.0,-3.0825539,-9.255737,-0.051146585
1108516444.0,-3.0801609,-9.219845,-0.1061815
1108516464.0,-3.1112676,-9.131011,-0.14207384
1108516484.0,-3.121138,-9.138489,-0.09900304
1108516503.0,-3.1016963,-9.167203,0.008673982
1108516523.0,-3.0993035,-9.186345,-0.010468599
1108516543.0,-3.1016963,-9.234201,0.025423741
1108516562.0,-3.1160533,-9.2126665,0.0014955142
1108516582.0,-3.1498518,-9.176774,-0.11096715
1108516602.0,-3.1713872,-9.155238,-0.09182457
1108516622.0,-3.1546376,-9.160025,0.008673982
1108516641.0,-3.0825539,-9.198309,0.056530435
1108516661.0,-3.0681968,-9.219845,0.03260221
1108516681.0,-3.0993035,-9.188738,-0.08225328
1108516701.0,-3.1450663,-9.140882,-0.13250256
1108516720.0,-3.1618161,-9.157631,-0.055932228
1108516740.0,-3.118446,-9.186345,0.0134596275
1108516760.0,-3.0610185,-9.217452,0.046959143
1108516780.0,-3.0873394,-9.205488,0.037387855
1108516799.0,-3.1450663,-9.174381,-0.0080757765
1108516819.0,-3.1737802,-9.162417,-0.058325052
1108516839.0,-3.147459,-9.162417,-0.12532409
1108516859.0,-3.1136606,-9.188738,-0.063110694
1108516878.0,-3.1259236,-9.207881,0.039780676
1108516898.0,-3.1378877,-9.203095,0.03260221
1108516918.0,-3.1307094,-9.174381,-0.060717873
1108516937.0,-3.159423,-9.126225,-0.16600206
1108516957.0,-3.2192438,-9.140882,-0.13250256
1108516977.0,-3.1666017,-9.217452,0.030209387
1108516997.0,-3.0801609,-9.262916,0.05174479
1108517016.0,-3.1040893,-9.169596,-0.0846461
1108517036.0,-3.1498518,-9.109476,-0.12532409
1108517056.0,-3.1088748,-9.14806,0.008673982
1108517076.0,-3.065804,-9.2126665,0.06849455
1108517095.0,-3.0562327,-9.248559,-0.03678965
1108517115.0,-3.0849466,-9.219845,-0.03678965
1108517135.0,-3.1331022,-9.176774,-0.06550352
1108517155.0,-3.216851,-9.114262,-0.09421739
1108517174.0,-3.1905298,-9.140882,-0.04636094
1108517194.0,-3.1331022,-9.205488,-0.043968115
1108517214.0,-3.1016963,-9.215059,0.025423741
1108517234.0,-3.147459,-9.143274,-0.04875376
1108517253.0,-3.1618161,-9.128618,-0.1061815
1108517273.0,-3.1088748,-9.205488,-0.072681986
1108517293.0,-3.0801609,-9.205488,-0.032004002
1108517312.0,-3.0969107,-9.152845,0.056530435
1108517332.0,-3.159423,-9.18156,0.06849455
1108517352.0,-3.1737802,-9.22463,-0.03678965
1108517372.0,-3.1522448,-9.200702,-0.06550352
1108517391.0,-3.1713872,-9.14806,-0.043968115
1108517411.0,-3.2312078,-9.083155,-0.02961118
1108517431.0,-3.2862427,-9.116654,-0.03918247
1108517451.0,-3.2527432,-9.16481,-0.02003989
1108517470.0,-3.2001011,-9.162417,-0.02003989
1108517490.0,-3.188137,-9.136096,0.0062811594
1108517510.0,-3.2527432,-9.179167,-0.0032901312
1108517530.0,-3.350849,-9.267701,-0.067896344
1108517549.0,-3.403491,-9.274879,-0.063110694
1108517569.0,-3.3675988,-9.191131,-0.04636094
1108517589.0,-3.3269207,-8.997013,-0.070289165
1108517609.0,-3.3795629,-9.167203,0.0038883367
1108517628.0,-3.391527,-9.504591,-0.032004002
1108517648.0,-3.3412778,-9.298808,-0.12771691
1108517668.0,-3.3939197,-8.7984085,0.0637089
1108517687.0,-3.4872398,-8.817552,0.16181463
1108517707.0,-3.5709887,-9.629018,-0.17557336
1108517727.0,-3.3484561,-9.890134,-0.3385844
1108517747.0,-2.8073792,-9.262916,-0.18753748
1108517766.0,-2.4672992,-8.7266245,0.19531415
1108517786.0,-2.7260232,-8.247761,0.11156536
1108517806.0,-3.3053854,-9.013762,-0.15882361
1108517826.0,-3.5709887,-9.123833,-0.2835495
1108517845.0,-3.255136,-9.160025,-0.0056829536
1108517865.0,-2.7858438,-9.253345,0.056530435
1108517885.0,-2.5031915,-9.332308,-0.03678965
1108517905.0,-2.522334,-9.305986,-0.06550352
1108517924.0,-2.6997023,-9.219845,-0.03678965
1108517944.0,-2.917449,-9.207881,-0.16360925
1108517964.0,-2.9820552,-9.22463,-0.13489537
1108517984.0,-2.929413,-9.236594,-0.077467635
1108518003.0,-2.8719854,-9.215059,-0.0080757765
1108518023.0,-2.9222345,-9.217452,-0.043968115
1108518043.0,-3.065804,-9.179167,-0.055932228
1108518062.0,-3.1570303,-9.169596,-0.00089730846
1108518082.0,-3.1953156,-9.234201,0.03499503
1108518102.0,-3.1546376,-9.162417,0.0134596275
1108518122.0,-3.0993035,-9.123833,-0.02003989
1108518141.0,-3.0514472,-9.229416,0.0062811594
1108518161.0,-2.9676983,-9.2126665,0.023030918
1108518181.0,-2.905485,-9.2126665,-0.072681986
1108518201.0,-2.8983064,-9.227023,-0.077467635
1108518220.0,-2.9892337,-9.16481,-0.03678965
1108518240.0,-3.0921252,-9.176774,-0.012861421
1108518260.0,-3.1833515,-9.222238,-0.0846461
1108518280.0,-3.176173,-9.198309,-0.17796618
1108518299.0,-3.1737802,-9.140882,-0.20937198
1108518319.0,-3.1833515,-9.169596,-0.16121642
1108518339.0,-3.2336006,-9.25813,-0.0846461
1108518359.0,-3.2790644,-9.198309,-0.024825536
1108518378.0,-3.2742786,-9.064013,-0.11096715
1108518398.0,-3.3005998,-9.083155,-0.25244278
1108518418.0,-3.2886357,-9.169596,-0.23569304
1108518437.0,-3.1689944,-9.1719885,-0.14207384
1108518457.0,-2.984448,-9.160025,-0.13250256
1108518477.0,-2.8839495,-9.234201,-0.118145615
1108518497.0,-2.9318058,-9.29163,-0.09900304
1108518516.0,-3.0155547,-9.2437725,-0.055932228
1108518536.0,-3.025126,-9.176774,-0.051146585
1108518556.0,-3.0275187,-9.18156,-0.11335997
1108518576.0,-3.1283164,-9.260523,-0.058325052
1108518595.0,-3.2407792,-9.2126665,0.054137614
1108518615.0,-3.2862427,-9.116654,-0.07986046
1108518635.0,-3.3221352,-9.119047,-0.2548356
1108518655.0,-3.353242,-9.16481,-0.3385844
1108518674.0,-3.3077781,-9.109476,-0.31226337
1108518694.0,-3.1953156,-9.114262,-0.08703893
1108518714.0,-3.0227332,-9.195916,-0.060717873
1108518734.0,-2.9413772,-9.234201,-0.30987054
1108518753.0,-2.9653056,-9.231809,-0.2428715
1108518773.0,-3.0155547,-9.219845,-0.11096715
1108518793.0,-3.025126,-9.229416,-0.17078772
1108518813.0,-3.0179477,-9.227023,-0.09661021
1108518832.0,-2.984448,-9.210274,-0.09182457
1108518852.0,-3.0155547,-9.215059,-0.2117648
1108518872.0,-3.1112676,-9.215059,-0.27158538
1108518891.0,-3.0969107,-9.167203,-0.25244278
1108518911.0,-3.025126,-9.188738,-0.18514465
1108518931.0,-2.9676983,-9.279665,-0.0846461
1108518951.0,-2.970091,-9.308379,-0.060717873
1108518970.0,-3.0179477,-9.274879,-0.10378868
1108518990.0,-3.0323045,-9.140882,-0.13968103
1108519010.0,-3.0586255,-9.092726,-0.18993029
1108519030.0,-3.0323045,-9.174381,-0.122931264
1108519049.0,-2.946163,-9.286844,-0.022432713
1108519069.0,-2.864807,-9.3155575,-0.032004002
1108519089.0,-2.8528428,-9.262916,-0.19710876
1108519109.0,-2.929413,-9.191131,-0.2835495
1108519128.0,-2.9820552,-9.169596,-0.17796618
1108519148.0,-2.9820552,-9.250952,-0.053539407
1108519168.0,-3.0011978,-9.303594,-0.058325052
1108519188.0,-3.0442686,-9.236594,-0.17557336
1108519207.0,-3.1546376,-9.143274,-0.2620141
1108519227.0,-3.1283164,-9.138489,-0.17557336
1108519247.0,-2.9724839,-9.231809,0.0134596275
1108519266.0,-2.8049862,-9.298808,-0.15882361
1108519286.0,-2.821736,-9.25813,-0.36251262
1108519306.0,-2.9006991,-9.203095,-0.20937198
1108519326.0,-2.984448,-9.207881,-0.043968115
1108519345.0,-3.025126,-9.203095,-0.09900304
1108519365.0,-2.958127,-9.246166,-0.13968103
1108519385.0,-2.8289146,-9.270094,-0.12771691
1108519405.0,-2.8480573,-9.277272,-0.2548356
1108519424.0,-2.9820552,-9.25813,-0.33140594
1108519444.0,-3.025126,-9.22463,-0.17078772
1108519464.0,-3.0514472,-9.265308,-0.07507481
1108519484.0,-3.077768,-9.279665,-0.18753748
1108519503.0,-2.9772696,-9.203095,-0.3074777
1108519523.0,-2.9605198,-9.205488,-0.19471595
1108519543.0,-3.0705895,-9.260523,-0.0032901312
1108519563.0,-3.1040893,-9.24138,0.023030918
1108519582.0,-3.0514472,-9.157631,-0.13010973
1108519602.0,-3.0466614,-9.169596,-0.25244278
1108519622.0,-3.094518,-9.219845,-0.2620141
1108519641.0,-3.0729825,-9.155238,-0.2835495
1108519661.0,-2.9748766,-9.131011,-0.33379877
1108519681.0,-2.9222345,-9.169596,-0.24047868
1108519701.0,-2.891128,-9.270094,-0.23808585
1108519720.0,-2.8408787,-9.29163,-0.38404804
1108519740.0,-2.7667012,-9.231809,-0.4127619
1108519760.0,-2.7930222,-9.270094,-0.276371
1108519780.0,-2.7858438,-9.332308,-0.06550352
1108519799.0,-2.728416,-9.301201,-0.017647067
1108519819.0,-2.690131,-9.284451,-0.22851457
1108519839.0,-2.7260232,-9.277272,-0.26679972
1108519859.0,-2.838486,-9.346664,-0.21655045
1108519878.0,-2.9629126,-9.320343,-0.09900304
1108519898.0,-3.094518,-9.176774,-0.10857433
1108519918.0,-3.1016963,-9.064013,-0.25722843
1108519938.0,-3.025126,-9.136096,-0.47258246
1108519957.0,-2.9246275,-9.267701,-0.4941179
1108519977.0,-2.797808,-9.334701,-0.276371
1108519997.0,-2.687738,-9.272487,-0.20937198
1108520016.0,-2.7308087,-9.236594,-0.24047868
1108520036.0,-2.8743782,-9.274879,-0.072681986
1108520056.0,-2.986841,-9.255737,-0.0846461
1108520076.0,-2.9222345,-9.253345,-0.2883351
1108520095.0,-2.876771,-9.29163,-0.3505485
1108520115.0,-2.9437702,-9.277272,-0.29312077
1108520135.0,-3.0586255,-9.24138,-0.15164514
1108520155.0,-3.0897322,-9.22463,-0.1372882
1108520174.0,-3.0634112,-9.140882,-0.32183465
1108520194.0,-3.1160533,-9.155238,-0.4127619
1108520214.0,-3.1378877,-9.188738,-0.36251262
1108520234.0,-3.1450663,-9.107083,-0.27158538
1108520253.0,-3.1689944,-9.157631,-0.23808585
1108520273.0,-3.0825539,-9.227023,-0.35533416
1108520293.0,-2.9485557,-9.150453,-0.48454657
1108520313.0,-2.984448,-9.1719885,-0.4534399
1108520332.0,-2.984448,-9.22463,-0.16600206
1108520352.0,-2.9772696,-9.238987,-0.18993029
1108520372.0,-2.9820552,-9.234201,-0.40079778
1108520391.0,-2.9940193,-9.183952,-0.30508488
1108520411.0,-3.0155547,-9.193523,-0.27876383
1108520431.0,-3.0179477,-9.236594,-0.357727
1108520451.0,-3.0179477,-9.246166,-0.36729828
1108520470.0,-2.986841,-9.246166,-0.2739782
1108520490.0,-2.9940193,-9.2126665,-0.2428715
1108520510.0,-3.0346973,-9.16481,-0.28115666
1108520530.0,-2.996412,-9.193523,-0.3481557
1108520549.0,-2.9389844,-9.250952,-0.30029923
1108520569.0,-2.9078777,-9.265308,-0.27158538
1108520589.0,-2.9246275,-9.229416,-0.27158538
1108520609.0,-2.9916265,-9.227023,-0.29790643
1108520628.0,-3.0083764,-9.22463,-0.20458634
1108520648.0,-3.025126,-9.188738,-0.18275183
1108520668.0,-3.0227332,-9.183952,-0.31226337
1108520688.0,-2.996412,-9.207881,-0.2883351
1108520707.0,-2.998805,-9.198309,-0.26679972
1108520727.0,-3.039483,-9.207881,-0.32422748
1108520747.0,-3.0610185,-9.227023,-0.2739782
1108520766.0,-3.0586255,-9.188738,-0.15643078
1108520786.0,-3.0610185,-9.210274,-0.18514465
1108520806.0,-3.0466614,-9.186345,-0.30269206
1108520826.0,-2.9676983,-9.140882,-0.357727
1108520845.0,-2.9270203,-9.250952,-0.32662028
1108520865.0,-2.9030921,-9.289237,-0.13250256
1108520885.0,-2.9246275,-9.248559,-0.20937198
1108520905.0,-2.9772696,-9.231809,-0.3074777
1108520924.0,-2.9892337,-9.191131,-0.28594232
1108520944.0,-3.0035906,-9.191131,-0.32422748
1108520964.0,-3.0203404,-9.255737,-0.2428715
1108520984.0,-3.0562327,-9.267701,-0.1372882
1108521003.0,-3.025126,-9.210274,-0.21894327
1108521023.0,-2.9892337,-9.119047,-0.3290131
1108521043.0,-2.986841,-9.205488,-0.36729828
1108521063.0,-2.9916265,-9.267701,-0.31944183
1108521082.0,-2.9748766,-9.248559,-0.21415763
1108521102.0,-3.0203404,-9.215059,-0.22851457
1108521122.0,-3.0323045,-9.188738,-0.25244278
1108521141.0,-3.0107691,-9.207881,-0.276371
1108521161.0,-3.0059834,-9.210274,-0.25962126
1108521181.0,-3.0275187,-9.186345,-0.25004998
1108521201.0,-3.0227332,-9.1719885,-0.17318054
1108521220.0,-2.9318058,-9.234201,-0.08225328
1108521240.0,-2.8719854,-9.29163,-0.180359
1108521260.0,-2.864807,-9.305986,-0.2835495
1108521280.0,-2.8983064,-9.217452,-0.28115666
1108521299.0,-2.9557343,-9.18156,-0.30987054
1108521319.0,-3.0801609,-9.238987,-0.30029923
1108521339.0,-3.2144582,-9.186345,-0.20937198
1108521359.0,-3.2766714,-9.128618,-0.18753748
1108521378.0,-3.1498518,-9.150453,-0.23090738
1108521398.0,-3.0346973,-9.18156,-0.25244278
1108521418.0,-3.0179477,-9.217452,-0.31465617
1108521438.0,-3.013162,-9.2126665,-0.23330021
1108521457.0,-3.0442686,-9.219845,-0.21415763
1108521477.0,-3.1040893,-9.200702,-0.27876383
1108521497.0,-3.1737802,-9.162417,-0.2620141
1108521516.0,-3.1570303,-9.152845,-0.17796618
1108521536.0,-3.1160533,-9.222238,-0.22851457
1108521556.0,-3.077768,-9.246166,-0.37447673
1108521576.0,-3.0227332,-9.183952,-0.31465617
1108521595.0,-3.03709,-9.162417,-0.26679972
1108521615.0,-3.0729825,-9.174381,-0.24047868
1108521635.0,-3.077768,-9.210274,-0.24765715
1108521655.0,-3.013162,-9.238987,-0.24526432
1108521674.0,-2.9557343,-9.246166,-0.24047868
1108521694.0,-3.0083764,-9.210274,-0.317049
1108538648.0,-2.797808,-9.296415,-0.02003989
1108538668.0,-2.7332017,-9.320343,0.12831512
1108538688.0,-2.7714868,-9.322736,0.43968117
1108538707.0,-2.864807,-9.279665,0.549751
1108538727.0,-2.9748766,-9.215059,0.40857446
1108538747.0,-3.0490541,-9.193523,0.27906293
1108538767.0,-3.0035906,-9.186345,0.20727827
1108538786.0,-2.9270203,-9.262916,0.1594218
1108538806.0,-2.8408787,-9.286844,0.19770697
1108538826.0,-2.8025935,-9.325129,0.3173481
1108538846.0,-2.821736,-9.313165,0.39900318
1108538865.0,-2.8289146,-9.2126665,0.36550367
1108538885.0,-2.8839495,-9.136096,0.1689931
1108538905.0,-2.9605198,-9.191131,0.18095721
1108538925.0,-2.9772696,-9.282058,0.31974092
1108538944.0,-2.8624141,-9.250952,0.24077778
1108538964.0,-2.8695927,-9.186345,-0.043968115
1108538984.0,-2.9557343,-9.229416,-0.14925231
1108539004.0,-2.9940193,-9.303594,0.037387855
1108539023.0,-2.9676983,-9.277272,0.2623132
1108539043.0,-2.929413,-9.24138,0.2623132
1108539063.0,-2.9246275,-9.2437725,0.018245272
1108539083.0,-2.9772696,-9.200702,-0.03918247
1108539102.0,-3.0035906,-9.215059,0.1594218
1108539122.0,-2.9940193,-9.294023,0.2335993
1108539142.0,-2.9772696,-9.313165,0.14027923
1108539161.0,-2.9509485,-9.24138,0.030209387
1108539181.0,-3.039483,-9.155238,-0.04636094
1108539201.0,-3.1331022,-9.162417,0.06131608
1108539221.0,-3.118446,-9.205488,0.20488544
1108539240.0,-2.9772696,-9.272487,0.17377874
1108539260.0,-2.876771,-9.327521,0.07328019
1108539280.0,-2.8695927,-9.270094,0.03499503
1108539300.0,-2.929413,-9.126225,0.042173497
1108539319.0,-2.9676983,-9.188738,0.14506488
1108539339.0,-2.998805,-9.294023,0.23599213
1108539359.0,-2.9916265,-9.279665,0.2551347
1108539379.0,-2.9102705,-9.222238,0.21684955
1108539398.0,-2.8695927,-9.229416,0.20488544
1108539418.0,-2.8576283,-9.250952,0.23120649
1108539438.0,-2.8408787,-9.305986,0.20727827
1108539458.0,-2.7858438,-9.303594,0.20967108
1108539477.0,-2.7547371,-9.279665,0.19292133
1108539497.0,-2.7906294,-9.284451,0.24556342
1108539517.0,-2.8576283,-9.246166,0.29102704
1108539537.0,-2.9413772,-9.24138,0.25034907
1108539556.0,-2.9557343,-9.274879,0.27667013
1108539576.0,-2.9102705,-9.301201,0.32213375
1108539596.0,-2.8313074,-9.267701,0.2551347
1108539615.0,-2.797808,-9.215059,0.14267205
1108539635.0,-2.8193433,-9.277272,0.14985052
1108539655.0,-2.8576283,-9.344272,0.25034907
1108539675.0,-2.821736,-9.289237,0.3269194
1108539694.0,-2.8025935,-9.193523,0.14267205
1108539714.0,-2.888735,-9.231809,0.008673982
1108539734.0,-2.8983064,-9.296415,0.1689931
1108539754.0,-2.7834508,-9.289237,0.25992036
1108539773.0,-2.75713,-9.29163,0.16660027
1108539793.0,-2.8121648,-9.341879,0.07088737
1108539813.0,-2.8121648,-9.29163,0.06849455
1108539833.0,-2.836093,-9.203095,0.042173497
1108539852.0,-2.876771,-9.2437725,0.023030918
1108539872.0,-2.8528428,-9.3155575,0.07328019
1108539892.0,-2.7547371,-9.282058,0.05892326
1108539912.0,-2.7643085,-9.267701,-0.015254244
1108539931.0,-2.797808,-9.325129,0.12352947
1108539951.0,-2.6685956,-9.3155575,0.28145576
1108539971.0,-2.6255248,-9.334701,0.075673014
1108539991.0,-2.649453,-9.346664,-0.032004002
1108540010.0,-2.6518457,-9.313165,-0.0032901312
1108540030.0,-2.6662025,-9.277272,0.037387855
1108540050.0,-2.6805596,-9.310772,0.10438689
1108540069.0,-2.673381,-9.370592,0.14745769
1108540089.0,-2.6853452,-9.35145,0.1689931
1108540109.0,-2.6781666,-9.270094,0.13549358
1108540129.0,-2.7116663,-9.274879,-0.0032901312
1108540148.0,-2.742773,-9.310772,0.011066805
1108540168.0,-2.7954152,-9.305986,0.15224335
1108540188.0,-2.836093,-9.262916,0.27667013
1108540208.0,-2.864807,-9.217452,0.17377874
1108540227.0,-2.9509485,-9.188738,-0.024825536
1108540247.0,-2.9437702,-9.219845,-0.051146585
1108540267.0,-2.891128,-9.286844,-0.034396827
1108540287.0,-2.905485,-9.29163,0.046959143
1108540306.0,-2.9318058,-9.238987,0.15463616
1108540326.0,-3.0227332,-9.16481,0.17617157
1108540346.0,-3.065804,-9.176774,0.10199407
1108540366.0,-3.0323045,-9.246166,0.075673014
1108540385.0,-2.891128,-9.308379,0.16420746
1108540405.0,-2.742773,-9.325129,0.22402802
1108540425.0,-2.7499514,-9.29163,0.10677971
1108540445.0,-2.9078777,-9.210274,0.12592229
1108540464.0,-2.9820552,-9.255737,0.24556342
1108540484.0,-2.9006991,-9.289237,0.32213375
1108540504.0,-2.8408787,-9.255737,0.21206391
1108540524.0,-2.8624141,-9.234201,0.082851484
1108540543.0,-2.9078777,-9.2437725,0.092422776
1108540563.0,-2.998805,-9.2437725,0.07806584
1108540583.0,-3.0179477,-9.222238,0.16181463
1108540603.0,-2.9557343,-9.22463,0.22642085
1108540622.0,-2.8815567,-9.25813,0.13310076
1108540642.0,-2.8695927,-9.260523,0.08763713
1108540662.0,-2.8935208,-9.274879,0.1689931
1108540681.0,-2.8528428,-9.296415,0.23120649
1108540701.0,-2.8193433,-9.260523,0.090029955
1108540721.0,-2.864807,-9.236594,0.0038883367
1108540741.0,-2.9365916,-9.250952,0.12113664
1108540760.0,-2.917449,-9.272487,0.2742773
1108540780.0,-2.8839495,-9.24138,0.18813568
1108540800.0,-2.8815567,-9.236594,0.044566322
1108540820.0,-2.8624141,-9.289237,0.11874382
1108540839.0,-2.8432715,-9.294023,0.18095721
1108540859.0,-2.8265216,-9.267701,0.11395818
1108540879.0,-2.8600214,-9.272487,0.025423741
1108540899.0,-2.9006991,-9.284451,0.10677971
1108540918.0,-2.8695927,-9.267701,0.15463616
1108540938.0,-2.9198418,-9.219845,0.07088737
1108540958.0,-2.905485,-9.18156,0.116351
1108540978.0,-2.781058,-9.310772,0.2335993
1108540997.0,-2.6566312,-9.392128,0.1689931
1108541017.0,-2.632703,-9.349057,0.008673982
1108541037.0,-2.6709883,-9.279665,0.039780676
1108541057.0,-2.7930222,-9.231809,0.13310076
1108541076.0,-2.9222345,-9.25813,0.11395818
1108541096.0,-2.9772696,-9.267701,0.16420746
1108541116.0,-2.9389844,-9.250952,0.2335993
1108541135.0,-2.9413772,-9.246166,0.14267205
1108541155.0,-2.9916265,-9.246166,0.06131608
1108541175.0,-2.9916265,-9.210274,0.037387855
1108541195.0,-2.9437702,-9.231809,0.06849455
1108541214.0,-2.9150562,-9.279665,0.16420746
1108541234.0,-2.9629126,-9.303594,0.20727827
1108541254.0,-2.917449,-9.238987,0.18335004
1108541274.0,-2.9413772,-9.183952,0.046959143
1108541293.0,-2.9605198,-9.231809,0.07088737
1108541313.0,-2.9006991,-9.238987,0.21684955
1108541333.0,-2.8719854,-9.260523,0.24077778
1108541353.0,-2.8289146,-9.284451,0.20488544
1108541372.0,-2.8624141,-9.289237,0.20249261
1108541392.0,-2.864807,-9.282058,0.22402802
1108541412.0,-2.7930222,-9.284451,0.20249261
1108541432.0,-2.6997023,-9.3155575,0.16181463
1108541451.0,-2.6015964,-9.341879,0.16420746
1108541471.0,-2.5824537,-9.327521,0.12352947
1108541491.0,-2.702095,-9.286844,0.1378864
1108541511.0,-2.8480573,-9.267701,0.22642085
1108541530.0,-2.9437702,-9.265308,0.2527419
1108541550.0,-2.8719854,-9.236594,0.14985052
1108541570.0,-2.7714868,-9.296415,0.10677971
1108541590.0,-2.714059,-9.332308,0.1689931
1108541609.0,-2.6685956,-9.337093,0.23599213
1108541629.0,-2.6159534,-9.313165,0.20249261
1108541649.0,-2.74038,-9.2437725,0.07088737
1108541668.0,-2.9318058,-9.231809,0.0637089
1108541688.0,-3.0681968,-9.203095,0.2216352
1108541708.0,-3.0562327,-9.25813,0.32452658
1108541728.0,-2.8719854,-9.267701,0.21924238
1108541747.0,-2.7930222,-9.265308,0.008673982
1108541767.0,-2.8456643,-9.24138,0.082851484
1108541787.0,-2.8552356,-9.279665,0.2431706
1108541807.0,-2.7858438,-9.310772,0.2623132
1108541826.0,-2.7643085,-9.289237,0.16420746
1108541846.0,-2.821736,-9.24138,0.116351
1108541866.0,-2.8624141,-9.262916,0.14267205
1108541886.0,-2.8408787,-9.284451,0.23599213
1108541905.0,-2.836093,-9.282058,0.2958127
1108541925.0,-2.8121648,-9.284451,0.35084763
1108541945.0,-2.8480573,-9.294023,0.28145576
1108541965.0,-2.8671997,-9.272487,0.23599213
1108541984.0,-2.8552356,-9.231809,0.24556342
1108542004.0,-2.8576283,-9.203095,0.2335993
1108542024.0,-2.9222345,-9.279665,0.23599213
1108542044.0,-2.9676983,-9.301201,0.27667013
1108542063.0,-2.9126635,-9.250952,0.27906293
1108542083.0,-2.8480573,-9.203095,0.18335004
1108542103.0,-2.888735,-9.203095,0.13310076
1108542122.0,-2.9222345,-9.277272,0.23599213
1108542142.0,-2.8839495,-9.301201,0.27188447
1108542162.0,-2.8743782,-9.227023,0.22642085
1108542182.0,-2.9198418,-9.229416,0.18574286
1108542201.0,-2.9030921,-9.236594,0.25992036
1108542221.0,-2.8839495,-9.267701,0.2862414
1108542241.0,-2.8839495,-9.303594,0.19531415
1108542261.0,-2.821736,-9.294023,0.2862414
1108542280.0,-2.797808,-9.253345,0.24077778
1108542300.0,-2.9030921,-9.267701,0.09720842
1108542320.0,-2.9557343,-9.294023,0.14745769
1108542340.0,-2.8743782,-9.286844,0.2527419
1108542359.0,-2.7786653,-9.272487,0.29102704
1108542379.0,-2.8313074,-9.231809,0.24556342
1108542399.0,-2.946163,-9.231809,0.1594218
1108542419.0,-2.917449,-9.210274,0.19531415
1108542438.0,-2.8528428,-9.248559,0.22881366
1108542458.0,-2.8025935,-9.329915,0.22642085
1108542478.0,-2.7882366,-9.296415,0.20249261
1108542498.0,-2.8025935,-9.24138,0.17377874
1108542517.0,-2.9150562,-9.215059,0.18813568
1108542537.0,-2.9509485,-9.274879,0.32452658
1108542557.0,-2.8313074,-9.3155575,0.3484548
1108542576.0,-2.8025935,-9.305986,0.14027923
1108542596.0,-2.8025935,-9.207881,0.14267205
1108542616.0,-2.8265216,-9.200702,0.2958127
1108542636.0,-2.8671997,-9.308379,0.35084763
1108542655.0,-2.8408787,-9.282058,0.34366915
1108542675.0,-2.8313074,-9.24138,0.36550367
1108542695.0,-2.9222345,-9.298808,0.40857446
1108542715.0,-2.9437702,-9.265308,0.39182472
1108542734.0,-2.9150562,-9.222238,0.2670988
1108542754.0,-2.946163,-9.282058,0.29341987
1108542774.0,-2.986841,-9.24138,0.4325027
1108542794.0,-3.0179477,-9.104691,0.4229314
1108542813.0,-2.9413772,-9.1719885,0.32213375
1108542833.0,-2.8193433,-9.31795,0.24795625
1108542853.0,-2.7667012,-9.339486,0.3293122
1108542873.0,-2.821736,-9.267701,0.5210371
1108542892.0,-2.8049862,-9.24138,0.5521438
1108542912.0,-2.7116663,-9.277272,0.37507495
1108542932.0,-2.6470602,-9.332308,0.26470602
1108542951.0,-2.7116663,-9.380164,0.38464624
1108542971.0,-2.836093,-9.31795,0.69332033
1108542991.0,-2.9030921,-9.231809,0.74596244
1108543011.0,-2.9150562,-9.188738,0.5449654
1108543030.0,-2.9389844,-9.238987,0.4444668
1108543050.0,-3.0059834,-9.255737,0.3894319
1108543070.0,-3.1426735,-9.195916,0.41336012
1108543090.0,-3.0849466,-9.176774,0.50189453
1108543109.0,-2.996412,-9.277272,0.4325027
1108543129.0,-3.0801609,-9.38495,0.29341987
1108543149.0,-3.2312078,-9.313165,0.4325027
1108543169.0,-3.2623146,-9.133404,0.8560323
1108543188.0,-3.255136,-9.097511,0.983151
1108543208.0,-3.336492,-9.262916,0.61435723
1108543228.0,-3.2623146,-9.253345,0.19292133
1108543248.0,-3.2407792,-9.198309,0.22402802
1108543267.0,-3.2910285,-9.399306,0.6454639
1108543287.0,-3.37717,-9.408877,0.9233304
1108543307.0,-3.4872398,-9.193523,0.8009974
1108543327.0,-3.4920256,-9.128618,0.38464624
1108543346.0,-3.499204,-9.150453,0.09720842
1108543366.0,-3.4824543,-8.992228,0.18574286
1108543386.0,-3.3843486,-8.784052,0.44207397
1108543405.0,-3.176173,-8.800801,0.5712864
1108543425.0,-3.0873394,-8.88455,0.3702893
1108543445.0,-3.2599218,-8.769695,0.32452658
1108543465.0,-3.3604202,-8.573184,0.5593223
1108543484.0,-3.403491,-8.451151,0.25752753
1108543504.0,-3.3747773,-8.309974,-0.070289165
1108543524.0,-3.1331022,-8.420044,0.0134596275
1108543544.0,-3.0586255,-8.683554,0.24795625
1108543563.0,-3.3628132,-9.279665,0.31256247
1108543583.0,-3.743571,-9.655338,0.3364907
1108543603.0,-3.851248,-9.600304,0.55453664
1108543623.0,-3.7914274,-9.451948,0.7818548
1108543642.0,-3.6595232,-9.2126665,0.9711869
1108543662.0,-3.3867414,-8.970692,1.1626127
1108543682.0,-3.0227332,-8.970692,1.1171491
1108543702.0,-2.8025935,-9.248559,0.5162515
1108543721.0,-2.6997023,-9.492626,0.2431706
1108543741.0,-2.4768705,-9.58834,0.6646065
1108543761.0,-2.2399812,-9.535697,1.1003993
1108543780.0,-2.3931217,-9.382557,0.9664012
1108543800.0,-2.9892337,-9.2126665,0.4325027
1108543820.0,-3.4106696,-9.059227,0.2958127
1108543840.0,-3.56381,-9.01137,0.5832505
1108543859.0,-3.4489548,-9.193523,0.97597253
1108543879.0,-3.1331022,-9.308379,1.1051849
1108543899.0,-2.7858438,-9.296415,0.6119644
1108543919.0,-2.6542385,-9.205488,0.22881366
1108543938.0,-2.7906294,-9.191131,0.26949164
1108543958.0,-2.9318058,-9.296415,0.3894319
1108543978.0,-2.8719854,-9.339486,0.60717875
1108543998.0,-2.7619154,-9.253345,0.60000026
1108544017.0,-2.9270203,-9.14806,0.35084763
1108544037.0,-3.118446,-9.136096,0.41575295
1108544057.0,-3.1857443,-9.150453,0.62871414
1108544077.0,-3.0849466,-9.198309,0.6047859
1108544096.0,-2.9198418,-9.277272,0.3822534
1108544116.0,-2.85045,-9.294023,0.18574286
1108544136.0,-2.9557343,-9.195916,0.14745769
1108544155.0,-3.0490541,-9.131011,0.39421752
1108544175.0,-3.0897322,-9.191131,0.60717875
1108544195.0,-3.077768,-9.294023,0.6861419
1108544215.0,-3.0011978,-9.325129,0.69571316
1108544234.0,-2.929413,-9.219845,0.4755735
1108544254.0,-2.891128,-9.131011,0.18813568
1108544274.0,-2.9078777,-9.179167,0.2431706
1108544294.0,-2.9605198,-9.274879,0.42532423
1108544313.0,-2.9413772,-9.29163,0.50428736
1108544333.0,-2.9389844,-9.217452,0.401396
1108544353.0,-3.039483,-9.157631,0.25752753
1108544373.0,-3.1689944,-9.155238,0.29102704
1108544392.0,-3.2096725,-9.150453,0.32213375
1108544412.0,-3.1160533,-9.140882,0.360718
1108544432.0,-2.996412,-9.229416,0.27667013
1108544452.0,-2.9748766,-9.265308,0.21206391
1108544471.0,-2.9772696,-9.18156,0.29102704
1108544491.0,-3.0299118,-9.174381,0.38703907
1108544511.0,-3.1235309,-9.191131,0.48275197
1108544531.0,-3.1450663,-9.222238,0.30538398
1108544550.0,-3.1307094,-9.229416,0.29820552
1108544570.0,-3.0921252,-9.162417,0.3484548
1108544590.0,-3.0849466,-9.14806,0.14985052
1108544609.0,-3.094518,-9.162417,0.13549358
1108544629.0,-3.0897322,-9.162417,0.3269194
1108544649.0,-3.106482,-9.200702,0.39661035
1108544669.0,-3.0586255,-9.253345,0.32213375
1108544688.0,-2.970091,-9.255737,0.24795625
1108544708.0,-2.8935208,-9.250952,0.22402802
1108544728.0,-2.85045,-9.222238,0.23838496
1108544748.0,-2.8408787,-9.250952,0.27188447
1108544767.0,-2.85045,-9.322736,0.33888352
1108544787.0,-2.888735,-9.274879,0.3580261
1108544807.0,-2.9341989,-9.2126665,0.36311084
1108544827.0,-2.9772696,-9.215059,0.2742773
1108544846.0,-2.9916265,-9.265308,0.20249261
1108544866.0,-2.9509485,-9.25813,0.2862414
1108544886.0,-2.8432715,-9.260523,0.33888352
1108544906.0,-2.7762725,-9.267701,0.24077778
1108544925.0,-2.8528428,-9.265308,0.2623132
1108544945.0,-2.958127,-9.236594,0.44925246
1108544965.0,-2.8959136,-9.203095,0.5162515
1108544985.0,-2.7260232,-9.262916,0.37986058
1108545004.0,-2.687738,-9.372986,0.3149553
1108545024.0,-2.8265216,-9.303594,0.40618163
1108545044.0,-2.9006991,-9.2126665,0.5306084
1108545063.0,-2.8959136,-9.250952,0.40857446
1108545083.0,-2.8839495,-9.262916,0.2623132
1108545103.0,-2.9772696,-9.222238,0.20488544
1108545123.0,-3.0490541,-9.176774,0.35084763
1108545142.0,-3.0490541,-9.131011,0.35084763
1108545162.0,-3.013162,-9.229416,0.19292133
1108545182.0,-2.9629126,-9.286844,0.22402802
1108545202.0,-2.8959136,-9.238987,0.29341987
1108545221.0,-2.8791637,-9.2126665,0.14506488
1108545241.0,-2.9557343,-9.250952,0.08045866
1108545261.0,-3.0203404,-9.246166,0.22881366
1108545281.0,-2.9724839,-9.248559,0.33409786
1108545300.0,-2.9222345,-9.2437725,0.21445672
1108545320.0,-2.8815567,-9.215059,0.0948156
1108545340.0,-2.8073792,-9.215059,0.12831512
1108545360.0,-2.7834508,-9.303594,0.22642085
1108545379.0,-2.8193433,-9.35145,0.2742773
1108545399.0,-2.8791637,-9.308379,0.1689931
1108545419.0,-3.0179477,-9.16481,0.0637089
1108545439.0,-3.0299118,-9.042477,0.06131608
1108545458.0,-3.0681968,-9.143274,0.06131608
1108545478.0,-3.0729825,-9.308379,0.18095721
1108545498.0,-3.106482,-9.282058,0.28145576
1108545517.0,-3.1809585,-9.186345,0.2431706
1108545537.0,-3.1570303,-9.133404,0.23838496
1108545557.0,-3.0083764,-9.215059,0.19531415
1108545577.0,-2.864807,-9.329915,0.12831512
1108545596.0,-2.74038,-9.332308,0.044566322
1108545616.0,-2.728416,-9.286844,0.030209387
1108545636.0,-2.769094,-9.229416,0.049351968
1108545656.0,-2.876771,-9.270094,-0.041575294
1108545675.0,-2.9820552,-9.272487,0.11156536
1108545695.0,-2.9820552,-9.207881,0.25034907
1108545715.0,-2.9485557,-9.229416,0.085244305
1108545735.0,-2.9198418,-9.250952,-0.051146585
1108545754.0,-2.8719854,-9.255737,-0.03678965
1108545774.0,-2.8743782,-9.274879,0.05892326
1108545794.0,-2.8719854,-9.274879,0.16660027
1108545814.0,-2.958127,-9.24138,0.092422776
1108545833.0,-3.065804,-9.191131,0.008673982
1108545853.0,-3.1136606,-9.155238,0.05174479
1108545873.0,-3.0681968,-9.238987,0.12592229
1108545892.0,-2.9509485,-9.25813,0.20249261
1108545912.0,-2.8839495,-9.24138,0.16420746
1108545932.0,-2.9246275,-9.272487,0.085244305
1108545952.0,-2.9437702,-9.246166,0.085244305
1108545971.0,-2.9270203,-9.222238,0.09960124
1108545991.0,-2.9246275,-9.250952,0.1594218
1108546011.0,-2.9270203,-9.246166,0.1594218
1108546031.0,-2.970091,-9.195916,0.08045866
1108546050.0,-3.0083764,-9.207881,0.056530435
1108546070.0,-2.9940193,-9.236594,0.14985052
1108546090.0,-2.9605198,-9.215059,0.20488544
1108546110.0,-2.9629126,-9.217452,0.14506488
1108546129.0,-2.998805,-9.282058,0.14267205
1108546149.0,-2.9605198,-9.267701,0.12352947
1108546169.0,-2.958127,-9.262916,0.06610172
1108546189.0,-3.0299118,-9.260523,0.09960124
1108546208.0,-3.121138,-9.174381,0.12592229
1108546228.0,-3.1833515,-9.131011,0.027816564
1108546248.0,-3.1618161,-9.169596,-0.07507481
1108546267.0,-3.0155547,-9.215059,-0.12771691
1108546287.0,-2.8408787,-9.270094,-0.14925231
1108546307.0,-2.7667012,-9.282058,0.03260221
1108546327.0,-2.8432715,-9.313165,0.20488544
1108546346.0,-2.9246275,-9.301201,0.36311084
1108546366.0,-2.9389844,-9.236594,0.3702893
1108546386.0,-2.917449,-9.238987,0.21924238
1108546406.0,-2.8265216,-9.195916,0.15463616
1108546425.0,-2.7379873,-9.2437725,0.13070793
1108546445.0,-2.7547371,-9.35145,0.2527419
1108546465.0,-2.7188447,-9.363414,0.46121657
1108546485.0,-2.632703,-9.272487,0.45164528
1108546504.0,-2.6757739,-9.2437725,0.22402802
1108546524.0,-2.809772,-9.294023,0.12352947
1108546544.0,-2.8552356,-9.303594,0.21206391
1108546564.0,-2.8552356,-9.231809,0.26470602
1108546583.0,-2.876771,-9.2126665,0.27667013
1108546603.0,-2.8863423,-9.219845,0.17617157
1108546623.0,-2.8145576,-9.253345,0.18335004
1108546643.0,-2.797808,-9.301201,0.19292133
1108546662.0,-2.838486,-9.339486,0.18335004
1108546682.0,-2.8839495,-9.277272,0.12592229
1108546702.0,-2.9557343,-9.128618,0.056530435
1108546721.0,-3.0346973,-9.12144,0.09960124
1108546741.0,-3.0490541,-9.260523,0.23599213
1108546761.0,-3.0155547,-9.301201,0.3173481
1108546781.0,-2.9724839,-9.29163,0.27667013
1108546800.0,-2.9557343,-9.253345,0.18813568
1108546820.0,-2.9676983,-9.186345,0.090029955
1108546840.0,-3.0107691,-9.205488,0.09960124
1108546860.0,-3.0059834,-9.227023,0.20488544
1108546879.0,-2.9916265,-9.234201,0.35324043
1108546899.0,-2.986841,-9.250952,0.34606197
1108546919.0,-3.0059834,-9.238987,0.23120649
1108546939.0,-3.0059834,-9.191131,0.2216352
1108546958.0,-2.9605198,-9.205488,0.2335993
1108546978.0,-2.8695927,-9.262916,0.19292133
1108546998.0,-2.7475586,-9.341879,0.3077768
1108547018.0,-2.742773,-9.358628,0.31256247
1108547037.0,-2.8337002,-9.260523,0.22402802
1108547057.0,-2.970091,-9.133404,0.14985052
1108547077.0,-3.0155547,-9.155238,0.12592229
1108547096.0,-2.9748766,-9.262916,0.16660027
1108547116.0,-2.8624141,-9.310772,0.19770697
1108547136.0,-2.8313074,-9.262916,0.18335004
1108547156.0,-2.9102705,-9.234201,0.14267205
1108547175.0,-2.9724839,-9.229416,0.17617157
1108547195.0,-2.970091,-9.248559,0.18095721
1108547215.0,-2.888735,-9.267701,0.15224335
1108547235.0,-2.8600214,-9.274879,0.07088737
1108547254.0,-2.8983064,-9.2126665,0.0038883367
1108547274.0,-2.9796624,-9.140882,0.06131608
1108547294.0,-3.0203404,-9.203095,0.24795625
1108547314.0,-2.9653056,-9.277272,0.3293122
1108547333.0,-2.8983064,-9.298808,0.039780676
1108547353.0,-2.9102705,-9.238987,-0.0846461
1108547373.0,-2.9748766,-9.16481,0.008673982
1108547393.0,-3.065804,-9.16481,0.12113664
1108547412.0,-3.094518,-9.24138,0.1689931
1108547432.0,-3.0059834,-9.238987,0.037387855
1108547452.0,-3.0035906,-9.198309,-0.09661021
1108547472.0,-3.0897322,-9.167203,-0.03918247
1108547491.0,-3.1666017,-9.155238,0.11874382
1108547511.0,-3.1307094,-9.2126665,0.16181463
1108547531.0,-3.0586255,-9.248559,-0.00089730846
1108547550.0,-3.025126,-9.179167,-0.032004002
1108547570.0,-3.0227332,-9.155238,0.0637089
1108547590.0,-3.0203404,-9.210274,0.116351
1108547610.0,-2.9341989,-9.286844,0.16660027
1108547629.0,-2.8719854,-9.3155575,0.17856438
1108547649.0,-2.8815567,-9.262916,0.1594218
1108547669.0,-3.0203404,-9.167203,0.2000998
1108547689.0,-3.065804,-9.14806,0.2000998
1108547708.0,-3.0179477,-9.294023,0.1594218
1108547728.0,-2.9772696,-9.408877,0.14745769
1108547748.0,-3.0681968,-9.222238,0.054137614
1108547768.0,-3.2455647,-9.068798,0.05174479
1108547787.0,-3.3388848,-9.111869,0.14745769
1108547807.0,-3.2072797,-9.14806,0.116351
1108547827.0,-2.970091,-9.215059,0.0062811594
1108547847.0,-2.7954152,-9.303594,0.05174479
1108547866.0,-2.6925237,-9.325129,0.10677971
1108547886.0,-2.7068806,-9.334701,0.0062811594
1108547906.0,-2.8049862,-9.260523,0.090029955
1108547926.0,-2.8193433,-9.227023,0.19531415
1108547945.0,-2.8528428,-9.260523,0.13549358
1108547965.0,-2.8959136,-9.308379,0.054137614
1108547985.0,-2.9437702,-9.25813,0.03499503
1108548004.0,-2.9892337,-9.183952,0.085244305
1108548024.0,-3.0610185,-9.162417,0.082851484
1108548044.0,-3.118446,-9.217452,0.025423741
1108548064.0,-3.1522448,-9.200702,0.03260221
1108548083.0,-3.1713872,-9.183952,0.08045866
1108548103.0,-3.2264223,-9.14806,0.09720842
1108548123.0,-3.216851,-9.160025,0.18335004
1108548143.0,-3.1016963,-9.236594,0.14506488
1108548162.0,-2.9533412,-9.234201,0.07088737
1108548182.0,-2.8695927,-9.203095,0.05892326
1108548202.0,-2.9270203,-9.255737,0.10438689
1108548222.0,-3.0227332,-9.265308,0.22642085
1108548241.0,-3.03709,-9.193523,0.31016964
1108548261.0,-3.0562327,-9.1719885,0.1905285
1108548281.0,-3.0490541,-9.193523,0.046959143
1108548301.0,-3.0490541,-9.207881,0.082851484
1108548320.0,-3.0466614,-9.24138,0.17138593
1108548340.0,-3.0753753,-9.217452,0.20967108
1108548360.0,-3.1235309,-9.188738,0.1594218
1108548379.0,-3.1259236,-9.193523,0.09720842
1108548399.0,-3.039483,-9.222238,0.18574286
1108548419.0,-2.9533412,-9.22463,0.20727827
1108548439.0,-2.9341989,-9.222238,0.07088737
1108548458.0,-2.9748766,-9.222238,0.05892326
1108548478.0,-3.0155547,-9.248559,0.13310076
1108548498.0,-3.0011978,-9.227023,0.1905285
1108548518.0,-3.0442686,-9.188738,0.13549358
1108548537.0,-3.0681968,-9.1719885,0.08763713
1108548557.0,-3.121138,-9.193523,0.075673014
1108548577.0,-3.121138,-9.2126665,0.10438689
1108548597.0,-3.0681968,-9.238987,0.07088737
1108548616.0,-3.05384,-9.222238,0.020638095
1108548636.0,-3.0514472,-9.191131,0.06131608
1108548656.0,-3.0634112,-9.18156,0.090029955
1108548676.0,-3.0059834,-9.174381,0.05174479
1108548695.0,-2.9676983,-9.205488,0.037387855
1108548715.0,-2.8863423,-9.176774,0.11156536
1108548735.0,-2.8480573,-9.24138,0.18335004
1108548754.0,-2.9270203,-9.322736,0.22881366
1108548774.0,-3.0466614,-9.260523,0.33170503
1108548794.0,-3.147459,-9.174381,0.37746778
1108548814.0,-3.2359936,-9.133404,0.27188447
1108548833.0,-3.2503505,-9.104691,0.075673014
1108548853.0,-3.1713872,-9.102298,0.027816564
1108548873.0,-3.0586255,-9.250952,0.14985052
1108548893.0,-2.9078777,-9.3155575,0.2742773
1108548912.0,-2.8337002,-9.272487,0.23120649
1108548932.0,-2.8863423,-9.231809,0.09720842
1108548952.0,-2.9724839,-9.16481,0.08763713
1108548972.0,-3.0490541,-9.152845,0.17856438
1108548991.0,-3.0442686,-9.210274,0.3702893
1108549011.0,-2.9748766,-9.248559,0.34606197
1108549031.0,-2.9796624,-9.231809,0.10677971
1108549051.0,-3.0179477,-9.188738,0.11874382
1108549070.0,-3.077768,-9.176774,0.13310076
1108549090.0,-3.1259236,-9.191131,0.16181463
1108549110.0,-3.147459,-9.215059,0.18095721
1108549129.0,-3.135495,-9.22463,0.19531415
1108549149.0,-3.0562327,-9.205488,0.14745769
1108549169.0,-2.996412,-9.186345,0.039780676
1108549189.0,-2.9772696,-9.18156,-0.017647067
1108549208.0,-3.03709,-9.179167,0.082851484
1108549228.0,-3.0873394,-9.203095,0.2000998
1108549248.0,-3.0801609,-9.210274,0.1689931
1108549268.0,-3.0562327,-9.2126665,0.10917253
1108549287.0,-3.0466614,-9.215059,0.082851484
1108549307.0,-2.998805,-9.2437725,0.10917253
1108549327.0,-2.891128,-9.270094,0.05174479
1108549347.0,-2.836093,-9.248559,-0.04875376
1108549366.0,-2.8743782,-9.231809,0.008673982
1108549386.0,-2.9940193,-9.22463,0.10199407
1108549406.0,-3.065804,-9.176774,0.07088737
1108549426.0,-3.077768,-9.167203,0.008673982
1108549445.0,-3.013162,-9.1719885,0.03260221
1108549465.0,-2.9892337,-9.227023,0.046959143
1108549485.0,-2.9820552,-9.255737,0.12352947
1108549504.0,-2.9892337,-9.200702,0.042173497
1108549524.0,-3.025126,-9.16481,-0.012861421
1108549544.0,-3.1016963,-9.265308,0.020638095
1108549564.0,-3.1283164,-9.25813,0.12592229
1108549583.0,-3.1112676,-9.14806,0.15224335
1108549603.0,-3.1136606,-9.133404,0.10438689
1108549623.0,-3.1713872,-9.14806,0.054137614
1108549643.0,-3.1713872,-9.188738,0.01585245
1108549662.0,-3.1307094,-9.250952,0.1378864
1108549682.0,-3.1522448,-9.24138,0.15224335
1108549702.0,-3.1546376,-9.188738,0.090029955
1108549722.0,-3.1737802,-9.145667,-0.0032901312
1108549741.0,-3.106482,-9.143274,0.056530435
1108549761.0,-2.998805,-9.231809,0.14985052
1108549781.0,-2.891128,-9.296415,0.13310076
1108549801.0,-2.8002007,-9.29163,0.020638095
1108549820.0,-2.8002007,-9.286844,-0.053539407
1108549840.0,-2.888735,-9.255737,-0.03918247
1108549860.0,-2.9318058,-9.186345,0.06849455
1108549879.0,-2.9126635,-9.186345,0.049351968
1108549899.0,-2.9102705,-9.236594,-0.041575294
1108549919.0,-2.9318058,-9.265308,-0.041575294
1108549939.0,-2.9365916,-9.238987,0.03260221
1108549958.0,-3.0083764,-9.217452,0.027816564
1108549978.0,-3.077768,-9.205488,0.020638095
1108549998.0,-3.1283164,-9.186345,0.037387855
1108550018.0,-3.118446,-9.176774,0.090029955
1108550037.0,-3.0753753,-9.200702,0.075673014
1108550057.0,-3.0681968,-9.227023,-0.022432713
1108550077.0,-3.0610185,-9.217452,-0.0080757765
1108550097.0,-3.0849466,-9.193523,0.046959143
1108550116.0,-3.0323045,-9.18156,0.10438689
1108550136.0,-2.9796624,-9.186345,0.06610172
1108550156.0,-2.9150562,-9.272487,0.0062811594
1108550176.0,-2.917449,-9.31795,-0.0032901312
1108550195.0,-3.0011978,-9.176774,-0.0080757765
1108550215.0,-3.0825539,-9.136096,0.03260221
1108550235.0,-3.1112676,-9.205488,0.049351968
1108550255.0,-3.1016963,-9.229416,0.008673982
1108550274.0,-3.0873394,-9.205488,-0.13250256
1108550294.0,-3.1331022,-9.205488,-0.13250256
1108550314.0,-3.1522448,-9.210274,-0.08225328
1108550333.0,-3.0969107,-9.205488,-0.058325052
1108550353.0,-3.0442686,-9.18156,-0.10139586
1108550373.0,-3.0083764,-9.200702,-0.13010973
1108550393.0,-3.03709,-9.231809,-0.04636094
1108550412.0,-2.9724839,-9.25813,0.09960124
1108550432.0,-2.9222345,-9.277272,0.025423741
1108550452.0,-2.9389844,-9.219845,-0.14207384
1108550472.0,-2.9485557,-9.183952,-0.1372882
1108550491.0,-2.9318058,-9.2437725,0.0134596275
1108550511.0,-2.9270203,-9.284451,0.027816564
1108550531.0,-2.9557343,-9.238987,-0.043968115
1108550551.0,-3.039483,-9.210274,-0.10139586
1108550570.0,-3.0825539,-9.176774,-0.058325052
1108550590.0,-3.0610185,-9.183952,0.018245272
1108550610.0,-3.0610185,-9.253345,-0.0080757765
1108550630.0,-3.0179477,-9.250952,-0.07507481
1108550649.0,-3.0490541,-9.24138,-0.067896344
1108550669.0,-3.065804,-9.217452,0.046959143
1108550689.0,-2.998805,-9.188738,0.046959143
1108550708.0,-2.9126635,-9.200702,-0.07507481
1108550728.0,-2.888735,-9.229416,-0.072681986
1108550748.0,-2.8624141,-9.272487,0.0014955142
1108550768.0,-2.888735,-9.284451,0.025423741
1108550787.0,-2.9485557,-9.198309,-0.032004002
1108550807.0,-3.0155547,-9.18156,-0.010468599
1108550827.0,-3.039483,-9.260523,0.092422776
1108550847.0,-3.0323045,-9.200702,0.1378864
1108550866.0,-3.0418758,-9.1719885,-0.015254244
1108550886.0,-3.0227332,-9.205488,-0.09900304
1108550906.0,-3.0514472,-9.246166,-0.034396827
1108550926.0,-3.03709,-9.2437725,0.10199407
1108550945.0,-2.9892337,-9.2126665,0.0948156
1108550965.0,-2.9676983,-9.229416,-0.053539407
1108550985.0,-2.9653056,-9.260523,-0.12771691
1108551005.0,-2.9653056,-9.24138,-0.06550352
1108551024.0,-2.9748766,-9.246166,0.054137614
1108551044.0,-2.9030921,-9.255737,0.049351968
1108551064.0,-2.8337002,-9.274879,-0.060717873
1108551084.0,-2.8289146,-9.289237,-0.11335997
1108551103.0,-2.8480573,-9.270094,-0.1372882
1108551123.0,-2.8959136,-9.203095,-0.15882361
1108551143.0,-2.970091,-9.179167,-0.16360925
1108551162.0,-3.0801609,-9.222238,-0.14446667
1108551182.0,-3.0969107,-9.222238,-0.04636094
1108551202.0,-3.0729825,-9.215059,-0.055932228
1108551222.0,-3.0873394,-9.200702,-0.1061815
1108551241.0,-3.0753753,-9.179167,-0.13250256
1108551261.0,-3.025126,-9.200702,-0.055932228
1108551281.0,-2.8839495,-9.24138,0.0038883367
1108551301.0,-2.8552356,-9.2437725,0.0014955142
1108551320.0,-2.8959136,-9.253345,0.0637089
1108551340.0,-2.9724839,-9.25813,0.09960124
1108551360.0,-3.0610185,-9.222238,0.092422776
1108551380.0,-3.1259236,-9.138489,0.08763713
1108551399.0,-3.094518,-9.162417,0.12113664
1108551419.0,-3.0275187,-9.231809,0.10677971
1108551439.0,-2.9676983,-9.286844,0.03260221
1108551459.0,-2.9485557,-9.286844,0.07088737
1108551478.0,-2.9892337,-9.219845,0.19292133
1108551498.0,-3.0825539,-9.16481,0.1378864
1108551518.0,-3.1713872,-9.143274,0.05174479
1108551537.0,-3.1426735,-9.200702,0.07806584
1108551557.0,-3.065804,-9.270094,0.11874382
1108551577.0,-3.0442686,-9.305986,0.06131608
1108551597.0,-3.0466614,-9.219845,-0.027218357
1108551616.0,-3.0083764,-9.145667,-0.072681986
1108551636.0,-2.9437702,-9.174381,-0.04636094
1108551656.0,-2.8480573,-9.260523,0.039780676
1108551676.0,-2.7714868,-9.31795,0.0637089
1108551695.0,-2.714059,-9.294023,-0.012861421
1108551715.0,-2.6925237,-9.272487,-0.10378868
1108551735.0,-2.6781666,-9.294023,-0.04636094
1108551755.0,-2.7044878,-9.303594,0.08045866
1108551774.0,-2.7834508,-9.29163,0.07328019
1108551794.0,-2.9509485,-9.238987,-0.032004002
1108551814.0,-3.0849466,-9.18156,-0.03918247
1108551834.0,-3.1426735,-9.160025,-0.0032901312
1108551853.0,-3.1283164,-9.219845,0.011066805
1108551873.0,-3.077768,-9.227023,0.0134596275
1108551893.0,-3.0897322,-9.18156,-0.0080757765
1108551913.0,-3.1016963,-9.188738,-0.022432713
1108551932.0,-3.118446,-9.207881,-0.017647067
1108551952.0,-3.1331022,-9.16481,-0.02003989
1108551972.0,-3.1378877,-9.186345,0.030209387
1108551991.0,-3.0418758,-9.253345,0.12352947
1108552011.0,-2.9413772,-9.24138,0.08763713
1108552031.0,-2.9126635,-9.238987,-0.14446667
1108552051.0,-2.9270203,-9.24138,-0.14207384
1108552070.0,-2.888735,-9.303594,0.020638095
1108552090.0,-2.9270203,-9.341879,0.116351
1108552110.0,-2.970091,-9.231809,0.08763713
1108552130.0,-3.0083764,-9.150453,-0.063110694
1108552149.0,-3.0323045,-9.210274,-0.15164514
1108552169.0,-2.9605198,-9.284451,-0.04875376
1108552189.0,-2.876771,-9.236594,-0.032004002
1108552209.0,-2.891128,-9.205488,-0.09900304
1108552228.0,-2.970091,-9.191131,-0.13489537
1108552248.0,-3.0275187,-9.215059,-0.072681986
1108552268.0,-3.0059834,-9.253345,0.023030918
1108552288.0,-2.9724839,-9.262916,0.042173497
1108552307.0,-2.9126635,-9.1719885,0.0038883367
1108552327.0,-2.9150562,-9.174381,-0.067896344
1108552347.0,-3.0035906,-9.265308,-0.02003989
1108552366.0,-2.9748766,-9.274879,0.15463616
1108552386.0,-2.9198418,-9.250952,0.18574286
1108552406.0,-2.9676983,-9.24138,0.05174479
1108552426.0,-3.0059834,-9.176774,0.020638095
1108552445.0,-2.8480573,-9.145667,0.085244305
1108552465.0,-2.6709883,-9.303594,0.11156536
1108552485.0,-2.6398816,-9.425628,0.037387855
1108552505.0,-2.728416,-9.363414,0.06849455
1108552524.0,-2.8935208,-9.227023,0.14267205
1108552544.0,-3.065804,-9.167203,0.085244305
1108552564.0,-3.077768,-9.198309,-0.070289165
1108552584.0,-2.9437702,-9.250952,-0.0056829536
1108552603.0,-2.8169506,-9.310772,0.06610172
1108552623.0,-2.8983064,-9.284451,-0.08225328
1108552643.0,-2.998805,-9.210274,-0.041575294
1108552663.0,-3.0155547,-9.183952,0.03260221
1108552682.0,-2.9629126,-9.2437725,0.0062811594
1108552702.0,-2.9270203,-9.274879,-0.09421739
1108552722.0,-2.8313074,-9.253345,-0.12771691
1108552741.0,-2.8265216,-9.282058,-0.0846461
1108552761.0,-2.85045,-9.286844,-0.03918247
1108552781.0,-2.836093,-9.298808,-0.063110694
1108552801.0,-2.7475586,-9.286844,-0.022432713
1108552820.0,-2.728416,-9.265308,0.0062811594
1108552840.0,-2.797808,-9.277272,0.01585245
1108552860.0,-2.9198418,-9.289237,0.082851484
1108552880.0,-2.9533412,-9.270094,0.18813568
1108552899.0,-2.8791637,-9.210274,0.13070793
1108552919.0,-2.8552356,-9.229416,-0.03918247
1108552939.0,-2.8839495,-9.25813,-0.04875376
1108552959.0,-2.9413772,-9.253345,0.05174479
1108552978.0,-2.9892337,-9.24138,0.16660027
1108552998.0,-3.0203404,-9.150453,0.12352947
1108553018.0,-2.9940193,-9.116654,0.0062811594
1108553038.0,-3.0299118,-9.205488,0.054137614
1108553057.0,-2.984448,-9.310772,0.27667013
1108553077.0,-2.8815567,-9.282058,0.35563326
1108553097.0,-2.8624141,-9.231809,0.1594218
1108553116.0,-2.9102705,-9.219845,-0.02003989
1108553136.0,-2.9222345,-9.24138,0.03499503
1108553156.0,-2.8002007,-9.320343,0.2623132
1108553176.0,-2.6829524,-9.325129,0.33888352
1108553195.0,-2.714059,-9.289237,0.15224335
1108553215.0,-2.8456643,-9.248559,0.056530435
1108553235.0,-2.929413,-9.255737,0.1378864
1108553255.0,-2.9246275,-9.270094,0.1905285
1108553274.0,-2.8576283,-9.262916,0.15463616
1108553294.0,-2.7930222,-9.25813,0.14027923
1108553314.0,-2.8289146,-9.246166,0.090029955
1108553334.0,-2.838486,-9.231809,0.11874382
1108553353.0,-2.8049862,-9.274879,0.19292133
1108553373.0,-2.7595227,-9.339486,0.20967108
1108553393.0,-2.7355945,-9.327521,0.17138593
1108553413.0,-2.7188447,-9.2437725,0.08045866
1108553432.0,-2.797808,-9.248559,0.046959143
1108553452.0,-2.9102705,-9.286844,0.12592229
1108553472.0,-2.9413772,-9.265308,0.17377874
1108553492.0,-2.9078777,-9.231809,0.14745769
1108553511.0,-2.8600214,-9.253345,0.06131608
1108553531.0,-2.8002007,-9.270094,0.011066805
1108553551.0,-2.7738798,-9.296415,0.09960124
1108553570.0,-2.7667012,-9.301201,0.21684955
1108553590.0,-2.8049862,-9.308379,0.18574286
1108553610.0,-2.781058,-9.301201,0.085244305
1108553630.0,-2.7188447,-9.265308,0.01585245
1108553649.0,-2.6709883,-9.272487,0.0134596275
1108553669.0,-2.6781666,-9.31795,0.10677971
1108553689.0,-2.6374888,-9.361021,0.26949164
1108553709.0,-2.5968108,-9.361021,0.2670988
1108553728.0,-2.594418,-9.303594,0.06849455
1108553748.0,-2.6111677,-9.282058,0.03260221
1108553768.0,-2.6303103,-9.294023,0.15702899
1108553788.0,-2.6949165,-9.322736,0.18095721
1108553807.0,-2.7355945,-9.353843,0.2335993
1108553827.0,-2.7188447,-9.325129,0.21445672
1108553847.0,-2.7116663,-9.320343,0.075673014
1108553867.0,-2.7834508,-9.279665,0.082851484
1108553886.0,-2.809772,-9.238987,0.12352947
1108553906.0,-2.769094,-9.320343,0.12831512
1108553926.0,-2.7714868,-9.332308,0.09720842
1108553945.0,-2.74038,-9.282058,0.037387855
1108553965.0,-2.7308087,-9.25813,-0.015254244
1108553985.0,-2.7762725,-9.279665,0.039780676
1108554005.0,-2.8049862,-9.267701,0.08045866
1108554024.0,-2.7595227,-9.301201,0.07806584
1108554044.0,-2.6973093,-9.337093,0.054137614
1108554064.0,-2.6662025,-9.277272,0.0637089
1108554084.0,-2.673381,-9.272487,0.03499503
1108554103.0,-2.7044878,-9.313165,0.0062811594
1108554123.0,-2.6949165,-9.327521,0.075673014
1108554143.0,-2.6685956,-9.308379,0.090029955
1108554163.0,-2.687738,-9.3155575,0.046959143
1108554182.0,-2.7308087,-9.349057,0.05174479
1108554202.0,-2.7595227,-9.301201,0.075673014
1108554222.0,-2.7595227,-9.24138,0.05174479
1108554242.0,-2.769094,-9.282058,0.01585245
1108554261.0,-2.7547371,-9.339486,0.044566322
1108554281.0,-2.7236304,-9.325129,0.085244305
1108554301.0,-2.690131,-9.308379,0.085244305
1108554320.0,-2.702095,-9.279665,0.075673014
1108554340.0,-2.75713,-9.260523,0.03499503
1108554360.0,-2.7882366,-9.286844,0.03260221
1108554380.0,-2.7475586,-9.3155575,0.08045866
1108554399.0,-2.7116663,-9.3562355,0.054137614
1108554419.0,-2.7379873,-9.308379,0.06131608
1108554439.0,-2.742773,-9.267701,0.008673982
1108554459.0,-2.7595227,-9.3155575,-0.02003989
1108554478.0,-2.687738,-9.327521,0.0134596275
1108554498.0,-2.5896323,-9.305986,-0.017647067
1108554518.0,-2.5127628,-9.3562355,-0.0080757765
1108554538.0,-2.4242284,-9.430413,0.11395818
1108554557.0,-2.4003003,-9.44477,0.15224335
1108554577.0,-2.5438695,-9.361021,-0.00089730846
1108554597.0,-2.75713,-9.2437725,-0.07507481
1108554617.0,-2.8624141,-9.222238,-0.0080757765
1108554636.0,-2.7882366,-9.253345,-0.032004002
1108554656.0,-2.6757739,-9.325129,-0.118145615
1108554676.0,-2.51037,-9.392128,-0.14207384
1108554696.0,-2.4074786,-9.435199,-0.17796618
1108554715.0,-2.3715863,-9.41127,-0.25722843
1108554735.0,-2.4960132,-9.3155575,-0.32183465
1108554755.0,-2.6973093,-9.274879,-0.16360925
1108554774.0,-2.8624141,-9.29163,0.06131608
1108554794.0,-2.8839495,-9.296415,0.14506488
1108554814.0,-2.8337002,-9.29163,0.025423741
1108554834.0,-2.6805596,-9.248559,-0.15882361
1108554853.0,-2.5968108,-9.250952,-0.34097722
1108554873.0,-2.6159534,-9.377771,-0.2883351
1108554893.0,-2.565704,-9.439984,0.01585245
1108554913.0,-2.5271199,-9.353843,0.12113664
1108554932.0,-2.6757739,-9.301201,-0.09900304
1108554952.0,-2.7930222,-9.2437725,-0.19471595
1108554972.0,-2.7714868,-9.284451,-0.11335997
1108554992.0,-2.6398816,-9.337093,-0.0032901312
1108555011.0,-2.522334,-9.372986,-0.063110694
1108555031.0,-2.4744778,-9.401699,-0.077467635
1108555051.0,-2.5079772,-9.365807,-0.02003989
1108555071.0,-2.6063821,-9.3155575,-0.067896344
1108555090.0,-2.6949165,-9.29163,-0.08703893
1108555110.0,-2.6949165,-9.294023,-0.017647067
1108555130.0,-2.6422744,-9.303594,0.027816564
1108555149.0,-2.608775,-9.305986,-0.03678965
1108555169.0,-2.6183462,-9.341879,-0.063110694
1108555189.0,-2.5462625,-9.365807,0.046959143
1108555209.0,-2.5872395,-9.349057,0.0134596275
1108555228.0,-2.6638098,-9.337093,-0.024825536
1108555248.0,-2.716452,-9.274879,-0.027218357
1108555268.0,-2.716452,-9.267701,-0.051146585
1108555288.0,-2.661417,-9.3155575,-0.053539407
1108555307.0,-2.5704896,-9.325129,-0.03678965
1108555327.0,-2.5992036,-9.344272,-0.03918247
1108555347.0,-2.649453,-9.346664,0.018245272
1108555367.0,-2.6638098,-9.31795,0.018245272
1108555386.0,-2.6422744,-9.329915,-0.024825536
1108555406.0,-2.5968108,-9.310772,-0.032004002
1108555426.0,-2.5462625,-9.334701,-0.02961118
1108555446.0,-2.5366912,-9.377771,-0.034396827
1108555465.0,-2.5319054,-9.377771,-0.02961118
1108555485.0,-2.5199413,-9.35145,-0.022432713
1108555505.0,-2.5319054,-9.339486,0.027816564
1108555524.0,-2.5633113,-9.339486,0.054137614
1108555544.0,-2.594418,-9.372986,0.0134596275
1108555564.0,-2.5872395,-9.3562355,0.027816564
1108555584.0,-2.551048,-9.35145,0.03260221
1108555603.0,-2.5633113,-9.344272,-0.053539407
1108555623.0,-2.5486553,-9.327521,-0.1372882
1108555643.0,-2.5585256,-9.3562355,-0.11335997
1108555663.0,-2.539084,-9.358628,-0.022432713
1108555682.0,-2.5704896,-9.325129,-0.07986046
1108555702.0,-2.6422744,-9.334701,-0.09661021
1108555722.0,-2.6279175,-9.310772,-0.02003989
1108555742.0,-2.5609183,-9.332308,-0.07986046
1108555761.0,-2.4744778,-9.322736,-0.21894327
1108555781.0,-2.4505496,-9.339486,-0.29790643
1108555801.0,-2.4864419,-9.399306,-0.17796618
1108555821.0,-2.4768705,-9.408877,-0.051146585
1108555840.0,-2.4337997,-9.361021,-0.08225328
1108555860.0,-2.4409783,-9.377771,-0.21415763
1108555880.0,-2.481656,-9.382557,-0.22612174
1108555899.0,-2.4936204,-9.344272,-0.19471595
1108555919.0,-2.5342982,-9.346664,-0.15643078
1108555939.0,-2.5295126,-9.358628,-0.09900304
1108555959.0,-2.484049,-9.396914,-0.08703893
1108555978.0,-2.4672992,-9.382557,-0.027218357
1108555998.0,-2.4672992,-9.3562355,-0.072681986
1108556018.0,-2.5151558,-9.35145,-0.18514465
1108556038.0,-2.5609183,-9.337093,-0.18275183
1108556057.0,-2.5752754,-9.325129,-0.043968115
1108556077.0,-2.5414767,-9.38495,-0.0032901312
1108556097.0,-2.4649065,-9.370592,-0.1061815
1108556117.0,-2.522334,-9.320343,-0.19950159
1108556136.0,-2.6470602,-9.327521,-0.13250256
1108556156.0,-2.6183462,-9.341879,0.044566322
1108556176.0,-2.5462625,-9.341879,-0.0032901312
1108556196.0,-2.4888346,-9.363414,-0.23569304
1108556215.0,-2.481656,-9.3562355,-0.25962126
1108556235.0,-2.5585256,-9.332308,-0.11335997
1108556255.0,-2.5896323,-9.375379,-0.0056829536
1108556275.0,-2.5462625,-9.394521,-0.15164514
1108556294.0,-2.5175486,-9.365807,-0.28594232
1108556314.0,-2.5824537,-9.329915,-0.24526432
1108556334.0,-2.6709883,-9.289237,-0.12053844
1108556353.0,-2.673381,-9.320343,-0.027218357
1108556373.0,-2.5438695,-9.389735,-0.017647067
1108556393.0,-2.419443,-9.375379,-0.1372882
1108556413.0,-2.4768705,-9.38495,-0.2428715
1108556432.0,-2.620739,-9.341879,-0.180359
1108556452.0,-2.6662025,-9.270094,-0.09182457
1108556472.0,-2.6590242,-9.313165,-0.15643078
1108556492.0,-2.5558336,-9.361021,-0.25244278
1108556511.0,-2.4672992,-9.389735,-0.27876383
1108556531.0,-2.3715863,-9.358628,-0.24526432
1108556551.0,-2.4601207,-9.392128,-0.12771691
1108556571.0,-2.702095,-9.416057,-0.08943175
1108556590.0,-2.6518457,-9.274879,0.06131608
1108556610.0,-2.5824537,-9.2437725,-0.02003989
1108556630.0,-2.524727,-9.3562355,-0.15643078
1108556650.0,-2.390729,-9.456735,-0.1372882
1108556669.0,-2.2471595,-9.418449,-0.10378868
1108556689.0,-2.2734807,-9.3562355,-0.13010973
1108556709.0,-2.522334,-9.346664,-0.18993029
1108556728.0,-2.6159534,-9.301201,-0.058325052
1108556748.0,-2.498406,-9.332308,0.023030918
1108556768.0,-2.414657,-9.413663,-0.1468595
1108556788.0,-2.419443,-9.394521,-0.17557336
1108556807.0,-2.402693,-9.361021,-0.043968115
1108556827.0,-2.3955145,-9.3155575,0.03260221
1108556847.0,-2.4242284,-9.363414,-0.122931264
1108556867.0,-2.443371,-9.413663,-0.2117648
1108556886.0,-2.3476582,-9.382557,-0.0846461
1108556906.0,-2.3476582,-9.389735,-0.08225328
1108556926.0,-2.4960132,-9.418449,-0.10857433
1108556946.0,-2.522334,-9.346664,-0.010468599
1108556965.0,-2.4672992,-9.370592,0.0062811594
1108556985.0,-2.4266212,-9.353843,-0.072681986
1108557005.0,-2.4481566,-9.363414,-0.16121642
1108557025.0,-2.4361925,-9.392128,-0.17078772
1108557044.0,-2.3859432,-9.38495,-0.1061815
1108557064.0,-2.3931217,-9.399306,-0.118145615
1108557084.0,-2.4601207,-9.401699,-0.13968103
1108557103.0,-2.484049,-9.408877,-0.10139586
1108557123.0,-2.4912274,-9.322736,-0.034396827
1108557143.0,-2.5271199,-9.296415,-0.060717873
1108557163.0,-2.5295126,-9.329915,-0.1061815
1108557182.0,-2.484049,-9.408877,-0.11096715
1108557202.0,-2.4529424,-9.413663,-0.15882361
1108557222.0,-2.51037,-9.363414,-0.18275183
1108557242.0,-2.6279175,-9.35145,-0.14207384
1108557261.0,-2.7212377,-9.294023,-0.09661021
1108557281.0,-2.7308087,-9.282058,-0.07986046
1108557301.0,-2.714059,-9.35145,-0.19950159
1108557321.0,-2.6662025,-9.325129,-0.25722843
1108557340.0,-2.673381,-9.298808,-0.12771691
1108557360.0,-2.714059,-9.298808,-0.027218357
1108557380.0,-2.6159534,-9.329915,-0.032004002
1108557400.0,-2.4409783,-9.404092,-0.15882361
1108557419.0,-2.3189442,-9.420842,-0.26679972
1108557439.0,-2.350051,-9.399306,-0.22612174
1108557459.0,-2.414657,-9.365807,-0.0056829536
1108557479.0,-2.5031915,-9.303594,0.1378864
1108557498.0,-2.5031915,-9.346664,0.011066805
1108557518.0,-2.3835504,-9.416057,-0.08703893
1108557538.0,-2.3117657,-9.418449,-0.20189442
1108557557.0,-2.3931217,-9.38495,-0.26919255
1108557577.0,-2.4888346,-9.35145,-0.15643078
1108557597.0,-2.4960132,-9.329915,0.07806584
1108557617.0,-2.5486553,-9.377771,0.08763713
1108557636.0,-2.5824537,-9.370592,-0.053539407
1108557656.0,-2.5968108,-9.298808,-0.1683949
1108557676.0,-2.4912274,-9.277272,-0.17796618
1108557696.0,-2.4744778,-9.365807,-0.2213361
1108557715.0,-2.484049,-9.413663,-0.11335997
1108557735.0,-2.522334,-9.394521,0.07806584
1108557755.0,-2.524727,-9.3562355,0.14745769
1108557775.0,-2.5414767,-9.29163,-0.067896344
1108557794.0,-2.551048,-9.274879,-0.27158538
1108557814.0,-2.5151558,-9.337093,-0.18514465
1108557834.0,-2.4122643,-9.416057,0.0948156
1108557854.0,-2.2926233,-9.485448,0.15224335
1108557873.0,-2.321337,-9.413663,-0.034396827
1108557893.0,-2.5079772,-9.325129,-0.18753748
1108557913.0,-2.6518457,-9.265308,-0.034396827
1108557932.0,-2.6590242,-9.327521,0.12592229
1108557952.0,-2.5728827,-9.394521,0.07328019
1108557972.0,-2.481656,-9.401699,-0.070289165
1108557992.0,-2.5704896,-9.35145,-0.11096715
1108558011.0,-2.6709883,-9.272487,0.011066805
1108558031.0,-2.74038,-9.31795,0.056530435
1108558051.0,-2.702095,-9.372986,-0.027218357
1108558071.0,-2.5776682,-9.332308,-0.115752794
1108558090.0,-2.608775,-9.310772,-0.13250256
1108558110.0,-2.6039891,-9.349057,0.056530435
1108558130.0,-2.580061,-9.341879,0.023030918
1108558150.0,-2.5366912,-9.344272,-0.16121642
1108558169.0,-2.5534408,-9.31795,-0.19471595
1108558189.0,-2.6135604,-9.344272,-0.027218357
1108558209.0,-2.6015964,-9.358628,0.14506488
1108558229.0,-2.5199413,-9.358628,0.085244305
1108558248.0,-2.4672992,-9.3562355,-0.122931264
1108558268.0,-2.4792633,-9.361021,-0.17318054
1108558288.0,-2.51037,-9.363414,-0.060717873
1108558308.0,-2.5776682,-9.334701,0.0038883367
1108558327.0,-2.5633113,-9.332308,-0.0080757765
